year,month,gpp_kgC_m2_s,scenario,npp_kgC_m2_s,rh_kgC_m2_s,ra_kgC_m2_s,nbp_kgC_m2_s,lai_m2_m2,sw_down_sfc_W_m2,sw_up_sfc_W_m2,lw_down_atm_W_m2,lw_up_sfc_W_m2,latent_heat_W_m2,sensible_heat_W_m2
1980,1,2.4753422e-09,historical,1.515447e-09,9.9427e-09,9.598952e-10,-9.437838e-09,2.192104,98.94445,41.936615,236.56006,285.48706,7.156006,15.879272
1980,2,1.7252199e-09,historical,1.1049468e-09,1.2384237e-08,6.2027306e-10,-1.2122774e-08,2.0402281,122.420296,56.75556,253.53296,294.85468,12.780273,23.167664
1980,3,8.862052e-09,historical,6.0056764e-09,1.2485818e-08,2.856376e-09,-7.589973e-09,1.9361142,192.40901,93.94701,252.8789,297.9143,19.701721,20.938782
1980,4,4.9067754e-08,historical,3.2556972e-08,2.3804079e-08,1.651078e-08,5.1716245e-09,2.1936135,211.3106,43.73198,298.06738,357.63696,63.569946,29.63324
1980,5,8.7611674e-08,historical,5.4044524e-08,3.8650516e-08,3.3567154e-08,7.929239e-09,2.6380413,232.39598,49.718018,343.06592,396.03058,97.74432,20.619873
1980,6,9.476394e-08,historical,5.18623e-08,2.8886964e-08,4.2901643e-08,1.5344865e-08,2.8691332,307.9095,67.37344,363.09985,435.8692,127.165344,28.011353
1980,7,6.798619e-08,historical,3.194244e-08,2.3346589e-08,3.604375e-08,3.734948e-09,2.8602517,296.1688,65.1454,368.91992,446.9264,109.72357,33.496582
1980,8,3.4522053e-08,historical,1.499482e-08,1.9409322e-08,1.9527233e-08,-6.609562e-09,2.732654,279.8502,60.880707,372.95142,462.66187,70.45947,50.357727
1980,9,3.0437985e-08,historical,1.6146371e-08,1.4084561e-08,1.4291612e-08,-4.590024e-10,2.6192777,217.80222,47.35193,341.4414,421.95074,52.344543,39.175232
1980,10,3.1171723e-08,historical,1.9127896e-08,1.2440897e-08,1.2043827e-08,3.42809e-09,2.5620918,128.97685,28.212471,314.17188,365.5503,44.37921,15.998901
1980,11,1.7440168e-08,historical,9.8169e-09,2.1201924e-08,7.623268e-09,-1.3562643e-08,2.448887,78.870514,17.269302,300.91968,343.69263,27.444153,0.18920898
1980,12,6.3799255e-09,historical,3.600671e-09,1.7040925e-08,2.7792546e-09,-1.4796515e-08,2.3296106,79.77869,37.995956,263.6316,303.0675,14.717712,1.9481201
1981,1,2.85713e-09,historical,1.8377115e-09,1.3822072e-08,1.0194185e-09,-1.3000301e-08,2.164864,103.31659,40.043705,239.72559,295.31543,11.399048,13.012085
1981,2,1.6869062e-09,historical,1.0934281e-09,1.0232048e-08,5.9347793e-10,-9.9799395e-09,2.0096505,147.32697,92.545586,234.47827,274.10834,10.973145,8.634216
1981,3,3.3567826e-08,historical,2.1954307e-08,1.8437301e-08,1.1613516e-08,9.488634e-10,2.0947368,170.35054,35.244965,288.20166,347.01245,43.890198,15.703613
1981,4,5.765035e-08,historical,3.76717e-08,2.668737e-08,1.9978653e-08,5.8788134e-09,2.4384859,199.49364,42.530838,307.41162,363.44928,64.8584,28.648132
1981,5,9.272912e-08,historical,5.6719472e-08,3.9902492e-08,3.600964e-08,8.331444e-09,2.7396994,249.78961,54.06871,339.99658,397.7337,103.66388,21.926392
1981,6,9.431219e-08,historical,5.1031442e-08,2.8560306e-08,4.3280753e-08,1.4975997e-08,2.8951318,290.24625,63.26593,374.94238,440.65833,125.89368,22.143677
1981,7,7.310571e-08,historical,3.724594e-08,1.7355276e-08,3.5859767e-08,1.41591805e-08,2.8943157,293.04874,63.955536,368.61255,441.6306,112.829346,32.854004
1981,8,5.359682e-08,historical,2.4396307e-08,2.1113983e-08,2.9200514e-08,-1.9033977e-10,2.7900329,237.80994,51.6817,384.43286,449.79572,95.66266,19.747864
1981,9,5.6689547e-08,historical,3.1634034e-08,1.4061241e-08,2.5055513e-08,1.2855147e-08,2.769293,220.28314,48.07039,342.60938,415.52686,79.163574,23.27478
1981,10,3.636578e-08,historical,1.962107e-08,1.1839879e-08,1.6744707e-08,4.012055e-09,2.7101386,145.62688,32.081253,324.06396,385.9751,46.355286,9.674072
1981,11,7.325962e-09,historical,4.737851e-09,2.2575746e-08,2.5881113e-09,-1.9425201e-08,2.5162084,101.331314,54.333893,265.26807,302.54074,13.427856,8.16217
1981,12,1.8066458e-09,historical,1.1513727e-09,1.3340052e-08,6.5527306e-10,-1.3250687e-08,2.335239,86.99967,37.75186,234.48047,277.41245,6.5770874,23.28949
1982,1,7.031257e-10,historical,4.5494103e-10,1.3264237e-08,2.4818467e-10,-1.3669508e-08,2.1552968,108.26072,80.77732,232.51782,261.83105,8.181213,-4.131714
1982,2,7.525634e-09,historical,4.6878887e-09,1.443495e-08,2.8377454e-09,-1.0848886e-08,2.0348086,119.487656,58.601803,281.20044,311.0678,9.511597,4.364563
1982,3,3.324156e-08,historical,2.1833854e-08,2.184548e-08,1.1407705e-08,-2.6823326e-09,2.16684,175.1639,46.453827,284.35938,342.34674,44.914978,19.187622
1982,4,6.535922e-08,historical,4.1889578e-08,3.0322614e-08,2.3469637e-08,6.1690852e-09,2.4716444,212.27574,47.11586,313.12964,371.31885,75.84979,23.89862
1982,5,1.014977e-07,historical,6.129253e-08,4.5430564e-08,4.0205162e-08,6.6666495e-09,2.806924,260.2136,56.842987,343.08472,404.82434,106.881165,24.957642
1982,6,1.1263207e-07,historical,6.598954e-08,4.917542e-08,4.6642533e-08,6.639981e-09,2.9558036,287.9026,63.5708,353.60913,421.04968,126.04541,20.46399
1982,7,6.975868e-08,historical,3.668227e-08,1.5321376e-08,3.3076404e-08,1.6163415e-08,2.9205174,311.5795,68.89514,359.8999,443.05798,114.563416,35.93982
1982,8,5.079207e-08,historical,2.6084368e-08,1.5928201e-08,2.4707706e-08,6.4184853e-09,2.8253229,273.08774,59.950974,360.1621,437.88538,92.990845,37.5343
1982,9,5.2605923e-08,historical,2.7561107e-08,1.4356634e-08,2.5044814e-08,8.862686e-09,2.7808657,212.66139,46.478455,354.59375,421.15747,75.88788,23.118103
1982,10,3.7609865e-08,historical,2.050375e-08,1.0311561e-08,1.7106114e-08,6.294075e-09,2.709318,147.4548,32.690086,308.15796,373.11023,44.083008,16.881653
1982,11,1.938833e-08,historical,1.1633553e-08,8.387293e-09,7.7547755e-09,6.688398e-10,2.5642788,107.84771,24.161911,279.59204,342.5517,24.200378,5.270752
1982,12,4.9717053e-09,historical,3.2389817e-09,5.2229994e-09,1.7327232e-09,-3.326964e-09,2.420351,81.61565,30.45905,257.77466,304.48535,11.837219,10.1828
1983,1,1.9667077e-09,historical,1.115336e-09,9.239154e-09,8.513717e-10,-9.097147e-09,2.2396216,94.98397,37.64963,229.63696,281.68152,6.279297,15.516113
1983,2,9.511896e-09,historical,5.8296554e-09,1.6262762e-08,3.6822407e-09,-1.1737865e-08,2.1310256,118.44664,33.200417,271.25024,321.98547,16.920471,9.015137
1983,3,1.7658907e-08,historical,1.2044598e-08,1.6902165e-08,5.6143086e-09,-6.6543113e-09,2.1181788,192.43427,40.918564,254.67578,322.27942,30.865112,53.543823
1983,4,4.7029232e-08,historical,3.1221703e-08,2.2790873e-08,1.5807531e-08,4.4514223e-09,2.3300962,195.80011,41.70601,300.99316,355.88397,59.983337,30.887512
1983,5,8.2709214e-08,historical,4.9604502e-08,2.1675577e-08,3.310472e-08,2.0681115e-08,2.6771288,236.94423,51.277924,333.91113,394.0213,96.16852,19.40924
1983,6,7.9705266e-08,historical,3.9580858e-08,1.2269033e-08,4.0124412e-08,2.0467478e-08,2.837156,276.9569,60.557724,358.1255,422.87646,107.51239,30.41803
1983,7,6.9910904e-08,historical,2.9894444e-08,3.2796198e-08,4.0016467e-08,-7.632639e-09,2.8318148,292.66345,63.484146,386.5254,455.6632,121.17908,29.172546
1983,8,4.2629956e-08,historical,2.20003e-08,1.6549153e-08,2.0629658e-08,2.3476074e-09,2.7526853,281.23953,61.856766,355.80103,441.73328,86.21088,40.436523
1983,9,3.2681097e-08,historical,1.7227599e-08,1.711573e-08,1.5453498e-08,-2.590233e-09,2.6408734,217.1959,47.309372,346.42847,425.22168,56.43225,38.0
1983,10,3.589506e-08,historical,2.2192541e-08,1.4541747e-08,1.3702517e-08,3.8821804e-09,2.6152797,156.81543,34.59468,299.92212,368.17932,47.099915,15.963501
1983,11,1.565456e-08,historical,8.985606e-09,1.5631029e-08,6.668955e-09,-8.745797e-09,2.494873,88.17253,27.158337,297.65576,340.32336,23.843933,1.5463257
1983,12,5.0693485e-09,historical,3.1947525e-09,1.06763745e-08,1.8745958e-09,-8.760279e-09,2.3431876,84.406235,28.749233,254.61694,304.93213,10.928589,11.894775
1984,1,8.385755e-10,historical,5.307884e-10,1.3540789e-08,3.077871e-10,-1.3880693e-08,2.1671543,106.38001,70.261055,231.93652,271.97702,8.577881,-0.059448242
1984,2,4.870668e-10,historical,3.184678e-10,9.868425e-09,1.6859895e-10,-1.0314893e-08,2.0029511,160.07579,96.65019,208.87378,260.07922,10.9729,19.23877
1984,3,8.670092e-09,historical,5.8481224e-09,1.2481163e-08,2.8219698e-09,-7.682078e-09,1.8991897,181.03084,80.8617,268.45386,308.9973,19.954468,25.027405
1984,4,6.557774e-08,historical,4.3132893e-08,2.3264167e-08,2.2444844e-08,1.5189233e-08,2.2908716,238.26224,50.767517,304.0808,372.11566,76.016846,20.230347
1984,5,8.79098e-08,historical,5.439933e-08,2.464601e-08,3.3510474e-08,2.2069598e-08,2.708811,256.21472,55.708023,334.52856,397.88666,99.43945,25.295105
1984,6,1.02517134e-07,historical,5.4122474e-08,3.0162276e-08,4.8394668e-08,1.4591251e-08,2.8908968,281.61923,62.344437,347.38867,413.25525,117.429565,25.580994
1984,7,7.21281e-08,historical,3.305141e-08,1.8256598e-08,3.9076692e-08,9.369673e-09,2.9031134,288.7621,63.92906,374.09058,445.6294,111.57202,28.870178
1984,8,6.509774e-08,historical,3.1016235e-08,2.060885e-08,3.4081506e-08,5.611237e-09,2.826966,249.69894,54.479645,372.4746,438.17474,98.4538,26.33429
1984,9,5.7120705e-08,historical,2.9609511e-08,1.2705917e-08,2.7511192e-08,1.1538577e-08,2.830173,231.32529,51.266357,327.06055,406.2942,74.91351,27.224792
1984,10,2.6285159e-08,historical,1.4985412e-08,1.0308578e-08,1.129975e-08,1.7260136e-09,2.7208111,162.98764,36.38894,306.51025,380.1046,40.250793,19.725586
1984,11,9.101379e-09,historical,5.3180664e-09,6.228655e-09,3.7833128e-09,-2.5519464e-09,2.525995,96.49609,31.49031,279.98828,329.99243,18.071594,5.4727173
1984,12,4.6254294e-09,historical,2.9553895e-09,5.1235527e-09,1.6700397e-09,-3.3938923e-09,2.347259,77.72911,26.327225,263.74634,310.1322,11.805481,4.8234253
1985,1,1.758402e-09,historical,1.0326383e-09,1.28988695e-08,7.257637e-10,-1.2770867e-08,2.1795776,93.768486,33.51206,237.90747,289.88733,6.58197,15.337341
1985,2,6.7690413e-09,historical,4.422758e-09,1.3921036e-08,2.3462832e-09,-1.0591048e-08,2.057398,132.62108,58.067657,257.18115,301.4715,12.742859,11.343384
1985,3,4.180659e-08,historical,2.6535837e-08,2.3309303e-08,1.5270755e-08,7.131684e-11,2.2065718,181.53516,38.623825,299.34424,357.9569,55.8786,16.045898
1985,4,7.805505e-08,historical,4.755599e-08,2.2171012e-08,3.0499056e-08,1.891336e-08,2.61695,241.45267,51.909317,319.90454,390.11096,93.37744,18.151733
1985,5,8.550067e-08,historical,4.5084118e-08,1.6131104e-08,4.0416555e-08,2.1260995e-08,2.8048563,287.3888,63.162277,328.9275,402.88892,109.69891,31.48236
1985,6,4.5016954e-08,historical,1.7984782e-08,1.9458902e-08,2.703217e-08,-4.6775943e-09,2.7982676,307.77676,67.3154,378.48315,463.1859,102.60651,37.073364
1985,7,2.822238e-08,historical,1.1678189e-08,2.3357812e-08,1.6544192e-08,-1.3341488e-08,2.6462078,296.0919,63.664444,386.4944,475.29364,82.87933,51.33838
1985,8,2.0204308e-08,historical,7.68886e-09,2.3356076e-08,1.2515448e-08,-1.6962622e-08,2.495029,268.88553,57.396973,383.96948,474.30444,66.459595,48.866333
1985,9,2.6999432e-08,historical,1.444584e-08,1.6131631e-08,1.2553591e-08,-3.8118038e-09,2.411452,204.4532,43.107727,355.56348,425.54712,64.17609,32.786743
1985,10,1.7127094e-08,historical,1.0152726e-08,9.6882085e-09,6.97437e-09,-1.3758638e-09,2.371807,160.92862,35.645607,305.89185,378.0509,37.25708,26.425354
1985,11,8.457893e-09,historical,5.192522e-09,5.2792726e-09,3.2653709e-09,-1.4539905e-09,2.2274556,96.69195,21.996033,277.40503,331.40045,20.417969,12.91394
1985,12,1.1969213e-09,historical,7.5204765e-10,6.1280776e-09,4.4487375e-10,-6.2207137e-09,2.0639718,79.04194,22.967983,248.65039,296.81195,9.521606,14.567383
1986,1,1.5969102e-09,historical,8.2264673e-10,1.1998338e-08,7.742635e-10,-1.1942555e-08,1.9188713,89.955536,45.968395,252.50635,283.68936,7.79303,11.2543335
1986,2,6.2410246e-09,historical,3.9613526e-09,1.3080112e-08,2.2796713e-09,-1.0010154e-08,1.8304981,132.08534,51.247078,256.10962,305.16992,13.486938,19.242126
1986,3,2.458168e-08,historical,1.5584304e-08,2.130341e-08,8.997378e-09,-7.490918e-09,1.9533681,156.05899,32.190628,293.7151,343.3847,36.610535,31.63324
1986,4,3.827285e-08,historical,2.578652e-08,2.3219137e-08,1.2486332e-08,-4.9550264e-10,2.1712701,180.98985,41.785233,302.71997,347.80994,51.178467,35.58795
1986,5,9.2967255e-08,historical,5.8481692e-08,2.3653465e-08,3.4485563e-08,2.7249067e-08,2.6468594,291.1733,62.559326,324.9641,400.61963,109.96973,28.948364
1986,6,8.432497e-08,historical,5.026573e-08,1.2450142e-08,3.4059237e-08,3.0478922e-08,2.8353896,318.51672,69.88574,338.63696,421.22607,114.52466,42.914062
1986,7,5.0133465e-08,historical,2.2695064e-08,1.7885949e-08,2.7438404e-08,1.0574743e-09,2.796046,273.96198,59.934036,377.96875,448.8808,97.84241,34.467163
1986,8,4.9481436e-08,historical,2.3203576e-08,1.8974815e-08,2.627786e-08,8.275436e-10,2.7238905,256.41418,56.061295,372.9204,443.55237,88.75842,34.95923
1986,9,4.17501e-08,historical,2.2267386e-08,1.526928e-08,1.9482712e-08,3.604143e-09,2.6777606,221.49045,48.4413,354.5149,425.2353,70.08099,31.616394
1986,10,2.4789063e-08,historical,1.4659792e-08,1.088231e-08,1.0129271e-08,1.0749168e-09,2.593428,175.22118,38.664825,306.81226,388.4355,40.34784,19.77362
1986,11,1.48130805e-08,historical,8.450914e-09,9.457023e-09,6.362167e-09,-2.964174e-09,2.4387321,90.74934,20.033524,300.68286,353.33313,26.620117,1.4049683
1986,12,7.0693487e-09,historical,3.4745158e-09,1.220532e-08,3.5948329e-09,-1.0032512e-08,2.2930639,66.67618,14.71962,286.38477,329.02423,13.57312,6.0617065
1987,1,2.1310311e-09,historical,1.1261573e-09,1.3627661e-08,1.0048737e-09,-1.3420725e-08,2.1330814,92.37017,37.317104,244.78857,293.03366,7.80542,20.454712
1987,2,4.6618256e-09,historical,3.0255363e-09,1.3903344e-08,1.6362895e-09,-1.186353e-08,2.0126357,142.44438,77.84167,239.27881,287.1001,11.383118,3.5630493
1987,3,1.9677756e-08,historical,1.2768529e-08,1.6844284e-08,6.909227e-09,-5.7395413e-09,1.9826722,160.23996,51.936058,280.5337,326.6546,28.399109,19.169067
1987,4,6.168055e-08,historical,3.995066e-08,3.1017056e-08,2.1729889e-08,4.174431e-09,2.3377554,213.95674,45.133392,308.16577,370.1809,76.984985,21.769714
1987,5,1.0341594e-07,historical,6.1463076e-08,4.635362e-08,4.195287e-08,6.527663e-09,2.7553177,281.5182,60.853333,350.83765,418.19403,120.92981,18.070679
1987,6,9.0957876e-08,historical,4.808314e-08,3.0177393e-08,4.287473e-08,1.067045e-08,2.8793757,277.562,60.892685,373.51367,436.75726,119.01721,23.752625
1987,7,7.188727e-08,historical,3.6590087e-08,2.0665771e-08,3.5297184e-08,1.0578727e-08,2.8593912,306.30563,67.507385,363.78125,444.0797,112.82947,38.576904
1987,8,3.2097457e-08,historical,1.2773034e-08,2.0755854e-08,1.9324423e-08,-9.833425e-09,2.7157934,276.5354,60.28804,384.64014,469.26837,77.16791,44.398438
1987,9,3.0377567e-08,historical,1.6897475e-08,1.4515201e-08,1.3480089e-08,-1.4046539e-10,2.5910149,231.07518,50.888626,324.50952,413.6184,46.67755,49.746887
1987,10,2.7057807e-08,historical,1.4530545e-08,1.4306207e-08,1.2527263e-08,-2.238268e-09,2.5218987,158.4134,34.492653,335.90845,404.71844,45.67505,12.406067
1987,11,1.683977e-08,historical,1.0824929e-08,6.051715e-09,6.014842e-09,2.5739701e-09,2.4334507,109.82697,31.244095,276.89648,333.65204,22.531189,15.132324
1987,12,1.7615429e-09,historical,1.0642369e-09,9.817186e-09,6.97306e-10,-9.759876e-09,2.2418158,76.10558,45.704838,257.12695,284.80316,10.163025,0.65625
1988,1,7.60969e-09,historical,4.5802864e-09,1.5979415e-08,3.0294032e-09,-1.2616141e-08,2.1029413,87.85985,27.779629,268.2666,311.3756,11.376709,5.1066895
1988,2,2.452781e-08,historical,1.5509922e-08,2.3469076e-08,9.017887e-09,-1.0145895e-08,2.134678,130.63725,28.429031,286.0459,342.04932,33.630676,11.722961
1988,3,3.904199e-08,historical,2.4172879e-08,2.781428e-08,1.4869111e-08,-6.9227575e-09,2.2809224,145.83563,35.40072,312.9077,357.55298,41.750793,21.580444
1988,4,7.240106e-08,historical,4.692788e-08,3.127249e-08,2.5473172e-08,8.88896e-09,2.5615768,218.91936,47.776733,311.1958,372.20886,77.551636,26.069885
1988,5,1.02444496e-07,historical,6.242273e-08,3.9085563e-08,4.002176e-08,1.3787396e-08,2.8315897,257.4601,56.799088,341.8152,403.82996,111.05115,19.314575
1988,6,9.4300134e-08,historical,4.9620077e-08,1.937987e-08,4.4680064e-08,2.238069e-08,2.91008,291.91553,65.14987,362.19946,432.13757,118.60663,29.109924
1988,7,5.1669712e-08,historical,1.901928e-08,2.066302e-08,3.265043e-08,-4.525007e-09,2.8298774,291.32733,63.659103,394.61548,466.92114,107.12488,36.10321
1988,8,3.5300303e-08,historical,1.7144377e-08,1.8915568e-08,1.8155927e-08,-4.1228874e-09,2.692827,284.03055,62.4319,357.94702,449.61768,66.835815,59.750366
1988,9,3.658029e-08,historical,1.9815852e-08,1.689314e-08,1.6764435e-08,-2.2635834e-11,2.5988386,205.87314,45.087784,350.71313,421.24695,60.580383,31.899109
1988,10,3.737849e-08,historical,2.231703e-08,1.6931994e-08,1.506146e-08,1.7285278e-09,2.6002285,150.65816,33.18679,310.53394,375.3069,50.323364,12.659851
1988,11,2.0738717e-08,historical,1.3243061e-08,1.7237852e-08,7.4956565e-09,-6.660336e-09,2.5038104,92.66567,20.842377,291.00513,338.87347,25.211182,9.474304
1988,12,1.2643193e-08,historical,7.263365e-09,2.353883e-08,5.3798286e-09,-1.808895e-08,2.4036326,71.86708,23.60714,286.0149,326.35846,16.622131,5.28302
1989,1,4.5869375e-09,historical,2.8669365e-09,1.2998578e-08,1.7200011e-09,-1.1283223e-08,2.2356496,101.21192,38.883877,241.57007,291.12976,8.618774,14.551147
1989,2,8.28229e-10,historical,5.529419e-10,1.3058914e-08,2.7528702e-10,-1.3319252e-08,2.0778165,156.11336,113.496,227.34839,263.14273,11.5061035,6.0805054
1989,3,2.3296002e-08,historical,1.5034946e-08,1.6702653e-08,8.261057e-09,-3.6127348e-09,2.0490515,165.50374,66.05444,287.1792,327.00165,30.051575,8.765686
1989,4,6.8892646e-08,historical,4.4100627e-08,3.211559e-08,2.4792019e-08,6.5124213e-09,2.4355326,200.21474,42.33098,323.97852,377.5829,78.65576,17.384705
1989,5,9.491022e-08,historical,5.5987663e-08,4.5043528e-08,3.8922554e-08,2.6752116e-09,2.7663515,213.1179,46.12448,359.5808,405.9884,96.16809,15.0625
1989,6,8.8516714e-08,historical,4.5061686e-08,5.0226674e-08,4.345503e-08,-1.1400714e-08,2.859334,278.0465,60.745453,387.05078,448.4801,124.60956,18.72882
1989,7,6.245921e-08,historical,2.803623e-08,2.7884766e-08,3.4422982e-08,-3.1388208e-09,2.787306,300.36746,65.54706,398.1858,469.615,118.28772,30.792175
1989,8,4.3965095e-08,historical,1.9526976e-08,2.0281217e-08,2.4438119e-08,-3.1995209e-09,2.651084,271.97412,58.569,391.48193,466.693,97.30841,36.174377
1989,9,3.886948e-08,historical,1.9147189e-08,1.6302204e-08,1.9722288e-08,1.9424927e-10,2.5820317,232.86765,50.65982,361.89746,441.3614,72.67963,28.740479
1989,10,3.4547178e-08,historical,1.9407596e-08,1.1189034e-08,1.513958e-08,5.1642046e-09,2.5395818,158.4514,34.5261,332.75195,399.14893,48.76349,14.576965
1989,11,1.3340221e-08,historical,8.179031e-09,6.395813e-09,5.1611906e-09,-1.2934784e-10,2.412607,97.65394,21.607437,294.10962,346.6526,22.12732,12.946045
1989,12,1.3572431e-09,historical,7.675217e-10,4.1791997e-09,5.897214e-10,-4.4370316e-09,2.232684,91.65763,36.40692,231.76929,289.01218,9.490967,17.631409
1990,1,5.6300644e-09,historical,3.5449335e-09,1.2278958e-08,2.0851307e-09,-9.8991775e-09,2.0929956,92.26404,22.186623,258.4309,313.13098,12.326233,5.001343
1990,2,3.494518e-09,historical,2.3701474e-09,1.2710769e-08,1.1243707e-09,-1.1285851e-08,1.9661493,137.76865,37.296227,244.55981,304.7204,12.801147,37.546143
1990,3,1.106736e-08,historical,7.4464857e-09,1.2693414e-08,3.6208752e-09,-6.441828e-09,1.8752197,177.8057,103.89493,267.27808,300.54388,19.364319,5.2564697
1990,4,5.3704444e-08,historical,3.582563e-08,1.426629e-08,1.7878817e-08,1.7639167e-08,2.1952555,240.19948,50.46089,290.50244,364.3064,70.10675,36.090942
1990,5,9.9215235e-08,historical,6.059542e-08,4.058579e-08,3.8619813e-08,1.15023004e-08,2.6707735,243.63324,52.680283,350.72266,408.21082,107.13745,16.216248
1990,6,9.6374556e-08,historical,5.434188e-08,2.9744353e-08,4.2032678e-08,1.6709487e-08,2.8637466,297.3761,65.77739,365.5564,434.99585,125.363525,24.479614
1990,7,7.346308e-08,historical,3.6489507e-08,3.182734e-08,3.697357e-08,-3.6546074e-10,2.845088,295.2237,64.690384,391.68604,460.21692,119.4715,29.833557
1990,8,3.4932253e-08,historical,1.41389265e-08,2.248609e-08,2.0793326e-08,-1.0221643e-08,2.6860628,274.53885,59.672745,394.7307,473.38788,87.35315,41.247253
1990,9,3.47946e-08,historical,1.6978648e-08,1.9579918e-08,1.781595e-08,-5.104851e-09,2.5637589,207.8297,45.021362,369.0808,440.46643,64.86163,28.86493
1990,10,4.4569003e-08,historical,2.6793648e-08,2.0192918e-08,1.7775351e-08,2.4651559e-09,2.5835533,155.16634,34.30787,314.4319,378.14124,53.574646,13.903503
1990,11,2.119515e-08,historical,1.390454e-08,6.4961356e-09,7.2906112e-09,4.629675e-09,2.5020428,106.69725,23.834442,276.21167,340.75983,25.452148,3.434021
1990,12,7.953666e-09,historical,4.342623e-09,6.9062214e-09,3.611043e-09,-4.034785e-09,2.3646276,71.0373,16.772629,281.48486,326.4195,15.721191,4.1879883
1991,1,3.9316235e-09,historical,2.6406994e-09,8.873627e-09,1.290924e-09,-7.4009328e-09,2.2210047,107.04349,48.616096,237.65454,289.09378,12.649658,17.412842
1991,2,6.3712418e-09,historical,4.289507e-09,1.2838539e-08,2.081735e-09,-9.728517e-09,2.0849211,125.18582,39.033363,262.31738,310.58533,14.963318,19.840881
1991,3,3.5192127e-08,historical,2.2714215e-08,1.978046e-08,1.2477914e-08,1.0424585e-10,2.1619565,175.32385,50.01654,292.01,346.64636,46.030945,10.1936035
1991,4,5.2507254e-08,historical,3.4820637e-08,1.4121808e-08,1.7686618e-08,1.5844238e-08,2.416847,219.869,47.730972,295.7002,359.60773,65.91162,39.563477
1991,5,7.6319324e-08,historical,4.793894e-08,2.2974314e-08,2.8380388e-08,1.760803e-08,2.6613,214.73665,46.75656,329.3401,380.3152,85.46362,24.83136
1991,6,1.0344945e-07,historical,5.3251632e-08,4.905216e-08,5.019782e-08,-4.102235e-09,2.850167,295.27725,64.7596,364.83838,433.6806,130.32123,16.43451
1991,7,6.082389e-08,historical,2.8068483e-08,1.8583384e-08,3.275541e-08,5.829199e-09,2.8120308,306.71866,67.65614,380.6255,459.02826,112.2276,37.670593
1991,8,4.4784397e-08,historical,2.0659147e-08,1.9999279e-08,2.412525e-08,-2.1767514e-09,2.718622,256.43912,56.02008,387.41724,459.61615,93.57654,27.651978
1991,9,5.433656e-08,historical,2.9629259e-08,1.5037475e-08,2.4707301e-08,1.0371497e-08,2.6794279,214.64357,47.082336,352.79883,423.10956,80.927734,17.421387
1991,10,3.9402657e-08,historical,2.2713074e-08,1.7142963e-08,1.6689583e-08,1.6384208e-09,2.6380613,135.9598,30.19429,319.4209,376.57385,50.624146,9.00592
1991,11,2.1217863e-08,historical,1.326629e-08,2.1225155e-08,7.951573e-09,-1.0681858e-08,2.5390382,90.82653,20.307358,295.17603,341.8075,24.487732,9.581848
1991,12,7.1793966e-09,historical,4.537381e-09,1.3429426e-08,2.6420157e-09,-1.0375882e-08,2.38329,83.291176,19.580486,258.9834,315.04492,11.1588745,6.2938232
1992,1,5.8687775e-09,historical,3.873863e-09,1.03751105e-08,1.9949145e-09,-7.767204e-09,2.2392106,97.83914,31.166664,253.1023,307.49304,12.045471,9.400635
1992,2,1.5954514e-08,historical,1.0396767e-08,1.6493328e-08,5.5577485e-09,-7.909938e-09,2.168258,118.31205,35.60524,280.7268,328.09314,23.274231,10.631348
1992,3,4.4751033e-08,historical,2.8681981e-08,2.8309795e-08,1.6069052e-08,-3.4345793e-09,2.3079724,161.51614,34.603218,302.9607,358.61914,51.49872,15.152466
1992,4,6.927409e-08,historical,4.4867285e-08,2.8184774e-08,2.44068e-08,1.0114397e-08,2.5519662,223.92139,49.34999,303.22266,369.82172,73.618164,29.063232
1992,5,9.877527e-08,historical,5.7991354e-08,2.937012e-08,4.078391e-08,1.9342256e-08,2.82203,266.52463,58.962692,333.4048,401.073,109.923035,23.700195
1992,6,9.1565994e-08,historical,4.7279833e-08,2.307061e-08,4.4286168e-08,1.6501842e-08,2.902443,289.80942,64.08063,357.7727,429.39795,118.331665,25.511292
1992,7,6.40743e-08,historical,2.598156e-08,2.275504e-08,3.809274e-08,-1.0730468e-09,2.8405557,280.38513,61.461792,391.35522,455.17737,113.32666,30.075684
1992,8,5.9081316e-08,historical,2.8679098e-08,1.8291418e-08,3.0402216e-08,6.2307857e-09,2.7726629,262.8764,57.654404,369.9021,441.9076,105.29639,26.298706
1992,9,6.0843895e-08,historical,3.0026005e-08,1.785387e-08,3.0817887e-08,7.2015993e-09,2.7642064,202.22414,44.650055,353.82544,419.16675,79.589966,13.484375
1992,10,3.772304e-08,historical,2.0922464e-08,1.0828035e-08,1.6800577e-08,6.2164554e-09,2.7133884,160.11578,35.68833,313.58862,384.748,50.49054,9.680603
1992,11,9.35522e-09,historical,5.3620623e-09,1.5506195e-08,3.9931574e-09,-1.1811817e-08,2.5224442,97.21864,31.147125,267.36963,321.13196,21.977173,9.2547
1992,12,2.4206197e-09,historical,1.1174413e-09,1.5749757e-08,1.3031785e-09,-1.5684622e-08,2.3281193,68.63816,39.090233,259.78003,286.14374,6.344116,13.042297
1993,1,3.949973e-09,historical,2.51204e-09,1.2807079e-08,1.4379324e-09,-1.133569e-08,2.1576276,92.48998,34.303276,256.09106,297.36252,7.3843994,7.1831665
1993,2,1.20848345e-08,historical,7.8148155e-09,1.6155353e-08,4.2700186e-09,-9.7718305e-09,2.0776367,121.75466,34.957855,272.1814,318.172,15.963562,22.363647
1993,3,1.5317363e-08,historical,1.0238742e-08,1.7968851e-08,5.0786224e-09,-9.32608e-09,2.0666034,160.72838,62.536217,276.15552,317.27313,23.455261,29.680176
1993,4,6.684344e-08,historical,4.15977e-08,3.4372082e-08,2.5245741e-08,2.2190556e-09,2.4162362,177.15321,37.0195,341.20654,383.78412,76.36737,9.766235
1993,5,8.354134e-08,historical,5.549324e-08,3.3047247e-08,2.8048095e-08,1.4308552e-08,2.6956136,237.44821,52.310944,309.16846,371.6577,90.804504,29.225098
1993,6,1.1020103e-07,historical,6.281638e-08,5.8069944e-08,4.7384646e-08,-4.3642725e-09,2.8841546,291.46228,64.04642,364.63037,429.56952,132.0058,15.74707
1993,7,7.178503e-08,historical,3.457832e-08,1.7859982e-08,3.7206714e-08,1.2328754e-08,2.8584192,305.96414,67.10272,386.27124,460.3141,126.076416,25.598816
1993,8,7.604809e-08,historical,4.0485645e-08,2.0025887e-08,3.556245e-08,1.4795185e-08,2.8317974,265.61206,58.746063,360.31128,433.6073,104.573364,25.088684
1993,9,5.8024053e-08,historical,2.9818363e-08,1.4158092e-08,2.8205687e-08,1.0662036e-08,2.7952201,214.81216,47.44156,347.54053,416.91357,78.049255,20.385681
1993,10,3.949668e-08,historical,2.150907e-08,1.7009993e-08,1.7987611e-08,4.3524526e-10,2.7187212,125.96059,27.97583,329.50073,376.48254,43.356384,16.089172
1993,11,2.3850816e-08,historical,1.4138997e-08,1.2208493e-08,9.711822e-09,-9.982409e-10,2.596496,98.585754,22.191406,298.48828,348.8203,28.129517,5.1185913
1993,12,3.36315e-09,historical,7.6997975e-10,2.0438902e-08,2.5931701e-09,-2.0694976e-08,2.4063118,89.130165,58.414486,254.47021,292.0041,13.410095,-4.2702637
1994,1,2.7663039e-09,historical,1.767284e-09,1.4674241e-08,9.990198e-10,-1.3918235e-08,2.2241683,90.53344,38.93911,254.7981,297.54797,12.316101,8.831238
1994,2,9.443228e-09,historical,6.340222e-09,1.3416842e-08,3.1030063e-09,-8.404843e-09,2.1041749,121.12072,29.802872,263.18115,313.09064,13.317505,25.53949
1994,3,2.492284e-08,historical,1.6580696e-08,2.0029281e-08,8.342144e-09,-5.7398646e-09,2.1527832,164.66014,35.176773,280.146,333.75427,34.3562,37.833923
1994,4,3.9761012e-08,historical,2.7132428e-08,2.2528893e-08,1.26285835e-08,9.559964e-10,2.3153534,213.69922,47.157333,282.15796,341.27698,55.403137,49.86914
1994,5,9.0753836e-08,historical,5.871521e-08,2.655971e-08,3.2038628e-08,2.399394e-08,2.6722054,259.73224,56.934525,319.47803,385.4879,94.61017,30.194336
1994,6,8.5883926e-08,historical,4.326714e-08,1.8576808e-08,4.2616783e-08,1.7794559e-08,2.8393557,295.5563,64.95976,365.33447,433.59668,117.58099,31.618774
1994,7,4.6574637e-08,historical,1.8347727e-08,2.0433946e-08,2.8226907e-08,-4.6840736e-09,2.7484949,307.80957,67.135315,389.05103,467.46887,108.09918,41.48413
1994,8,2.9096165e-08,historical,1.2059442e-08,2.191728e-08,1.7036722e-08,-1.15946515e-08,2.6145244,267.60025,58.120026,389.68066,470.84863,74.14679,45.60034
1994,9,2.516223e-08,historical,1.2165012e-08,1.6973129e-08,1.29972175e-08,-6.617198e-09,2.4819221,228.3328,49.491135,354.28833,440.07898,47.439026,44.606567
1994,10,3.0761896e-08,historical,1.7948595e-08,1.07183675e-08,1.2813299e-08,4.473378e-09,2.4450316,148.75023,32.16175,325.43677,384.57318,52.095154,13.991028
1994,11,1.3343336e-08,historical,8.139078e-09,1.2964211e-08,5.204258e-09,-6.6486745e-09,2.3344297,77.8087,17.056057,302.45557,340.90247,23.884766,11.588257
1994,12,9.237093e-09,historical,5.775338e-09,1.5889126e-08,3.461755e-09,-1.1556025e-08,2.218629,79.48781,22.823746,272.4856,322.48364,15.887207,-2.092102
1995,1,3.3107097e-09,historical,2.0712234e-09,1.4962508e-08,1.2394864e-09,-1.3888843e-08,2.1014183,95.419426,41.600517,247.99219,292.72943,12.44458,18.918762
1995,2,1.3526281e-08,historical,8.463791e-09,1.4300664e-08,5.0624913e-09,-7.2569613e-09,2.0183651,122.25188,46.144547,274.9209,315.6518,17.4021,2.788086
1995,3,4.5502567e-08,historical,2.841831e-08,2.8860264e-08,1.7084256e-08,-3.8646673e-09,2.2344525,175.331,40.161514,304.05103,362.3567,57.84326,14.747803
1995,4,7.7772526e-08,historical,4.8309982e-08,3.1364287e-08,2.9462544e-08,1.0506719e-08,2.5460544,229.00713,49.344406,329.01953,388.7467,89.40442,20.581482
1995,5,1.0281542e-07,historical,5.972374e-08,4.9307978e-08,4.309168e-08,1.6273003e-09,2.8168526,247.6256,54.17755,359.87158,417.36298,118.401855,10.644714
1995,6,1.0022673e-07,historical,5.965469e-08,2.9425665e-08,4.0572036e-08,2.1032587e-08,2.9166257,254.80598,56.370193,348.97876,409.89075,113.79944,19.34851
1995,7,6.4528294e-08,historical,3.057979e-08,2.5381889e-08,3.3948503e-08,9.440612e-10,2.8672051,306.62686,67.14734,384.9768,462.7306,112.52026,35.041565
1995,8,4.697308e-08,historical,2.1480629e-08,2.0303329e-08,2.5492454e-08,-1.7244114e-09,2.7327824,258.53473,56.382584,383.33472,454.1515,97.13245,31.95166
1995,9,3.238997e-08,historical,1.7575438e-08,1.4660862e-08,1.4814532e-08,2.7031158e-10,2.6435804,233.80568,51.40724,338.25293,421.90796,55.584778,44.57074
1995,10,3.610771e-08,historical,2.0851907e-08,1.0054392e-08,1.5255804e-08,7.4157356e-09,2.5919416,141.45097,31.102127,328.77148,384.182,44.970093,15.776489
1995,11,2.127487e-08,historical,1.2064626e-08,2.3399066e-08,9.210246e-09,-1.3744452e-08,2.5027184,82.59284,18.498688,311.364,355.19116,29.197937,0.67529297
1995,12,5.013555e-09,historical,3.1318792e-09,1.983546e-08,1.8816755e-09,-1.7958092e-08,2.333786,68.77763,22.732754,266.89917,306.65515,13.945007,17.184448
1996,1,6.0054983e-09,historical,3.4279644e-09,1.6256852e-08,2.5775342e-09,-1.3993124e-08,2.188911,79.80441,30.49862,277.98804,313.99878,11.42865,5.215637
1996,2,5.5629537e-09,historical,3.638529e-09,1.313208e-08,1.9244246e-09,-1.0535324e-08,2.0581932,126.58542,48.57631,258.5515,305.21564,15.096008,16.612305
1996,3,3.729854e-08,historical,2.414876e-08,2.249131e-08,1.314978e-08,-1.2172346e-09,2.1486812,169.53464,35.99083,293.10864,349.31116,45.55945,22.448853
1996,4,7.234686e-08,historical,4.6961134e-08,3.1413638e-08,2.5385722e-08,9.422997e-09,2.5128171,231.34502,52.66884,309.9265,372.45593,82.64087,25.838562
1996,5,9.628249e-08,historical,5.997622e-08,3.9415717e-08,3.6306265e-08,1.15476215e-08,2.7866402,238.92296,52.566742,335.63745,393.10602,101.11383,19.45697
1996,6,9.018594e-08,historical,4.622128e-08,4.385574e-08,4.3964658e-08,-3.8719508e-09,2.8721395,307.26105,67.3618,386.8711,454.3767,131.18152,26.981018
1996,7,8.453962e-08,historical,4.505342e-08,2.4202714e-08,3.9486203e-08,1.4665356e-08,2.864622,290.1869,63.69571,375.5874,443.5476,121.720276,27.090271
1996,8,7.5182896e-08,historical,3.8971198e-08,2.1490294e-08,3.62117e-08,1.232304e-08,2.825334,275.81387,60.985962,367.25366,442.76758,111.79315,24.132507
1996,9,5.11564e-08,historical,2.8895013e-08,1.4193585e-08,2.2261386e-08,1.037534e-08,2.7823164,237.80351,52.721863,336.34155,417.50964,75.88965,28.319946
1996,10,2.6174137e-08,historical,1.5926382e-08,1.0095039e-08,1.0247755e-08,2.8824032e-09,2.6629312,171.166,38.368256,298.9419,379.13843,37.851196,21.686462
1996,11,1.1030264e-08,historical,6.7923622e-09,9.355447e-09,4.237902e-09,-4.3683763e-09,2.4742317,99.04712,22.347298,275.417,330.63947,22.01764,13.446472
1996,12,1.2137067e-09,historical,7.8730106e-10,9.819153e-09,4.2640563e-10,-1.002355e-08,2.2939858,91.82679,46.365463,234.7461,280.88763,8.67334,12.469482
1997,1,7.7125667e-10,historical,4.818563e-10,1.3457265e-08,2.894004e-10,-1.3831901e-08,2.1115572,96.57474,58.26838,238.63965,269.59528,5.5446777,7.352417
1997,2,1.0076161e-08,historical,6.59661e-09,1.5732583e-08,3.4795506e-09,-1.0416349e-08,2.0241144,141.34251,52.233932,258.99292,312.08972,16.62201,11.985413
1997,3,2.8797364e-08,historical,1.9058163e-08,2.2096364e-08,9.739201e-09,-5.387859e-09,2.0881536,163.08519,41.238922,288.52686,339.53864,39.421875,22.607788
1997,4,6.0774035e-08,historical,3.8637957e-08,3.235076e-08,2.2136078e-08,1.3768383e-09,2.404808,188.0702,39.74739,325.52344,371.9934,73.23627,20.526672
1997,5,1.00312214e-07,historical,6.029588e-08,3.715915e-08,4.001632e-08,1.4732841e-08,2.7393923,281.83234,61.723618,344.31738,413.49597,114.69812,21.279785
1997,6,8.74095e-08,historical,4.4407123e-08,1.4374753e-08,4.3002373e-08,2.305245e-08,2.8513258,306.66266,67.683014,358.36792,435.06042,121.26837,30.09668
1997,7,4.89374e-08,historical,1.8589766e-08,2.0326034e-08,3.034764e-08,-4.5895123e-09,2.7792807,303.13086,66.539215,385.89966,467.48315,99.37335,42.33557
1997,8,3.7940623e-08,historical,1.8065538e-08,2.1547663e-08,1.9875085e-08,-5.9954375e-09,2.6486242,255.63202,55.623886,379.3811,453.64716,75.92975,47.01947
1997,9,4.636968e-08,historical,2.485501e-08,1.5922868e-08,2.151467e-08,5.500166e-09,2.620205,230.51207,50.680832,350.4143,427.6471,75.21576,28.893005
1997,10,2.3821306e-08,historical,1.4292997e-08,9.9773825e-09,9.528309e-09,1.7975896e-09,2.5354087,154.23447,33.985023,310.85742,380.5287,37.856995,20.185303
1997,11,2.0474884e-08,historical,1.0152489e-08,2.9375538e-08,1.0322396e-08,-2.1324793e-08,2.4315317,87.05424,19.287918,314.9214,362.5973,28.260986,0.8529663
1997,12,6.473342e-09,historical,3.8524375e-09,9.091987e-09,2.6209044e-09,-6.5490737e-09,2.2677186,76.28896,20.081139,268.96094,317.48083,14.213013,9.13385
1998,1,1.7410472e-09,historical,1.1274934e-09,1.0332061e-08,6.1355376e-10,-1.0130041e-08,2.106319,93.70751,46.913242,240.87524,280.649,8.430054,15.3341675
1998,2,3.3861798e-09,historical,2.190139e-09,1.2696399e-08,1.196041e-09,-1.1390062e-08,1.9518949,142.72957,92.79756,238.49731,271.8382,5.6902466,4.6379395
1998,3,7.3756743e-09,historical,5.0099755e-09,1.22379165e-08,2.3656985e-09,-8.2187785e-09,1.8654689,176.14284,77.85653,265.0686,303.44604,19.072754,36.374573
1998,4,5.898311e-08,historical,3.8599858e-08,2.6963082e-08,2.0383256e-08,7.558591e-09,2.2044349,216.69469,45.00354,310.0852,369.03662,77.174255,19.719238
1998,5,9.2260855e-08,historical,5.9732194e-08,3.559318e-08,3.252866e-08,1.582143e-08,2.6489906,247.1362,54.122055,324.42822,384.13733,94.76019,30.037354
1998,6,1.0836825e-07,historical,6.300539e-08,5.5930943e-08,4.536286e-08,-2.2585367e-09,2.8876135,278.6068,61.26259,361.23608,422.5204,118.82031,22.594543
1998,7,8.611424e-08,historical,4.2569628e-08,3.85792e-08,4.3544606e-08,-1.833651e-09,2.8809404,282.99188,61.985794,397.7495,456.72577,121.75458,28.819824
1998,8,6.9209435e-08,historical,3.3764884e-08,2.6895158e-08,3.5444547e-08,2.6031386e-09,2.8048818,279.04904,61.57866,379.05127,452.87964,111.25238,25.794067
1998,9,5.6391237e-08,historical,2.844412e-08,1.5907355e-08,2.7947118e-08,8.486897e-09,2.7389438,209.30003,45.79492,371.44238,434.99756,78.66083,20.355957
1998,10,4.67658e-08,historical,2.5888884e-08,2.4334565e-08,2.0876916e-08,-2.7604028e-09,2.712003,135.66516,30.099312,337.07764,391.735,49.08246,7.5704956
1998,11,2.8083283e-08,historical,1.7084286e-08,2.2605207e-08,1.0998997e-08,-8.768475e-09,2.6155682,99.264244,22.46672,293.29395,348.0097,27.149841,5.697876
1998,12,7.747252e-09,historical,4.690426e-09,2.1900606e-08,3.056826e-09,-1.8709791e-08,2.4266493,76.88984,39.649002,275.1577,313.33368,14.644836,-9.653687
1999,1,9.486556e-10,historical,5.9556027e-10,1.4445042e-08,3.5309533e-10,-1.47900385e-08,2.2543285,96.50326,66.50178,242.64136,274.81586,13.016113,2.031067
1999,2,1.4421132e-08,historical,9.156404e-09,1.5980943e-08,5.2647287e-09,-8.490799e-09,2.1616325,112.84985,28.059929,284.0559,326.48816,20.018677,16.980042
1999,3,2.4637506e-08,historical,1.5783566e-08,2.0432925e-08,8.853938e-09,-6.9382775e-09,2.1872973,142.53838,36.965195,293.0144,337.3994,39.15094,23.059753
1999,4,6.991508e-08,historical,4.5068408e-08,2.9162369e-08,2.4846674e-08,1.0048328e-08,2.4646194,224.99626,48.634552,309.49194,372.28296,81.90381,21.733215
1999,5,9.664846e-08,historical,5.9563316e-08,4.0939838e-08,3.7085147e-08,9.834828e-09,2.7613454,241.06194,53.095703,337.71118,396.01892,100.25995,21.301514
1999,6,1.08959554e-07,historical,6.2460266e-08,3.6894043e-08,4.6499288e-08,1.6684433e-08,2.908125,317.2802,69.93402,360.6787,435.97766,129.61993,30.400269
1999,7,6.538623e-08,historical,3.2137574e-08,1.8487015e-08,3.3248664e-08,9.31378e-09,2.8559687,297.7328,65.16757,386.5808,458.5099,117.16748,31.320984
1999,8,3.727388e-08,historical,1.513948e-08,2.1831525e-08,2.2134403e-08,-8.666962e-09,2.7060544,276.1733,60.498474,389.2339,470.58142,85.68921,40.10492
1999,9,3.6923083e-08,historical,1.9186388e-08,1.6564565e-08,1.7736697e-08,-1.4914552e-10,2.5900626,210.14557,46.12996,350.72266,425.81647,58.477234,36.2135
1999,10,3.9704588e-08,historical,2.4351598e-08,1.2432079e-08,1.5352992e-08,8.065497e-09,2.5906117,129.9694,28.71923,318.45703,369.76593,41.917297,17.039612
1999,11,1.5515031e-08,historical,9.374434e-09,1.2280167e-08,6.140598e-09,-5.0036233e-09,2.4649272,84.383,18.806961,297.46753,339.11877,23.367615,11.999756
1999,12,8.358513e-09,historical,4.1651695e-09,1.6485476e-08,4.193343e-09,-1.3671238e-08,2.3191977,76.6877,17.10551,273.6172,324.05786,13.94043,4.9022217
2000,1,1.8568669e-09,historical,1.1968682e-09,1.2219675e-08,6.599987e-10,-1.1943173e-08,2.1595302,101.3194,40.339714,234.81616,289.89172,9.591003,18.031128
2000,2,1.901482e-08,historical,1.1672244e-08,1.9547697e-08,7.3425768e-09,-9.690773e-09,2.1145458,107.961136,22.843674,304.9817,340.98737,21.50879,15.442627
2000,3,3.4004977e-08,historical,2.2300037e-08,1.9204439e-08,1.1704936e-08,2.601607e-10,2.2000637,192.26944,45.355347,274.96582,341.2467,41.292236,35.019714
2000,4,6.0931804e-08,historical,3.9453795e-08,1.1278483e-08,2.147801e-08,2.2898087e-08,2.4914522,217.1773,47.207214,310.89917,371.81885,70.62378,32.324707
2000,5,8.40201e-08,historical,4.8985907e-08,2.5491536e-08,3.503419e-08,1.6444282e-08,2.7488806,263.70676,58.18982,350.1455,414.52124,105.64465,22.82135
2000,6,5.906486e-08,historical,2.7798517e-08,1.671936e-08,3.1266342e-08,6.7902586e-09,2.7606483,306.89615,67.22067,366.91992,446.59216,108.6322,41.385742
2000,7,3.6468908e-08,historical,1.5427466e-08,2.1166024e-08,2.1041446e-08,-8.084623e-09,2.6662087,277.83762,59.923706,399.61328,467.77197,95.013245,44.58893
2000,8,2.5323608e-08,historical,1.0428233e-08,2.2928873e-08,1.4895374e-08,-1.4054932e-08,2.5233345,274.73196,59.620377,388.8916,474.88507,69.26788,52.583374
2000,9,2.185899e-08,historical,1.0849169e-08,1.7458794e-08,1.10098215e-08,-8.3592715e-09,2.4063013,222.92564,48.061996,357.3977,438.13818,51.76703,44.201233
2000,10,1.768582e-08,historical,1.0346071e-08,1.0580481e-08,7.3397515e-09,-2.0190718e-09,2.3183784,159.34372,34.456894,316.91748,390.06866,30.864197,28.170898
2000,11,9.328621e-09,historical,5.4268288e-09,1.108147e-08,3.901792e-09,-7.003922e-09,2.1936445,92.65352,27.098969,294.4419,339.2495,19.64978,12.667908
2000,12,6.1709318e-09,historical,3.449289e-09,1.1643647e-08,2.7216427e-09,-9.300684e-09,2.069601,81.29154,35.00008,259.55225,303.10306,14.584045,1.2473755
2001,1,1.5151647e-09,historical,9.815151e-10,1.2642668e-08,5.336496e-10,-1.24366775e-08,1.915644,99.70828,58.06823,234.29956,274.59628,6.722351,9.304321
2001,2,6.1950054e-09,historical,3.90869e-09,1.2635436e-08,2.2863158e-09,-9.608511e-09,1.806455,129.24718,48.61711,260.96167,306.48666,13.434082,19.54309
2001,3,1.5786824e-08,historical,1.0555866e-08,1.768565e-08,5.2309583e-09,-8.4522025e-09,1.8477165,189.01324,77.95048,260.18774,318.95264,29.344116,20.473267
2001,4,6.167149e-08,historical,4.0503068e-08,2.8391288e-08,2.116842e-08,7.814211e-09,2.229851,212.94756,46.078278,314.0818,370.13586,68.47009,23.515259
2001,5,1.02941186e-07,historical,6.132558e-08,3.039016e-08,4.1615603e-08,2.2918176e-08,2.7011073,289.80692,62.546448,355.8523,424.6844,121.472046,23.900452
2001,6,8.063757e-08,historical,4.2620623e-08,2.2077707e-08,3.8016942e-08,1.4829441e-08,2.8184426,300.17984,65.52487,382.3584,451.5583,118.507324,32.793762
2001,7,4.3196184e-08,historical,1.9981433e-08,2.1248566e-08,2.3214753e-08,-3.7704204e-09,2.7098467,309.6712,67.54263,389.82715,473.2779,101.68701,45.771484
2001,8,2.9121667e-08,historical,1.1997178e-08,2.3285278e-08,1.7124488e-08,-1.3063635e-08,2.5513263,255.19183,54.99611,401.73584,474.84845,83.98236,38.426147
2001,9,4.347603e-08,historical,2.4479062e-08,1.4867408e-08,1.8996966e-08,6.3110166e-09,2.521517,216.39955,46.521606,355.61597,423.0514,72.73053,33.929077
2001,10,2.5089502e-08,historical,1.4974107e-08,1.1230888e-08,1.0115395e-08,1.2484431e-09,2.4891894,162.60918,35.839638,314.00977,384.80255,42.339417,21.720947
2001,11,2.0998591e-08,historical,1.2102557e-08,1.1520797e-08,8.896034e-09,-1.7613674e-09,2.3904135,78.39876,17.075764,317.01294,358.5249,29.051575,-1.5358276
2001,12,4.2965085e-09,historical,2.6615123e-09,1.5216319e-08,1.6349962e-09,-1.3755263e-08,2.242579,84.0969,47.068424,262.1797,297.21042,12.566101,3.5089722
2002,1,1.2931632e-09,historical,7.2794454e-10,1.3286744e-08,5.6521865e-10,-1.344282e-08,2.0646846,92.99286,54.883236,254.23071,286.95068,11.961792,11.81781
2002,2,5.171871e-09,historical,3.460358e-09,1.1772003e-08,1.7115128e-09,-9.293248e-09,1.931411,122.57236,38.090622,263.30298,309.18652,13.053711,22.136902
2002,3,3.9304464e-08,historical,2.6339768e-08,2.296041e-08,1.2964696e-08,4.4510848e-10,2.0971386,157.88058,33.131317,300.48682,351.84845,43.42865,19.430481
2002,4,5.958672e-08,historical,3.9572676e-08,2.8756787e-08,2.0014047e-08,5.452558e-09,2.429935,200.9194,43.443054,307.95044,362.9355,73.67969,26.76355
2002,5,1.0264766e-07,historical,6.2491466e-08,4.3788766e-08,4.015619e-08,9.8903605e-09,2.7334776,250.55112,54.777786,346.25024,405.85785,104.6861,17.507324
2002,6,1.07536444e-07,historical,6.107862e-08,3.980506e-08,4.6457817e-08,1.2723484e-08,2.8828201,300.21075,66.14064,366.8059,436.10352,129.93927,24.069275
2002,7,7.3703106e-08,historical,3.8281314e-08,1.7242147e-08,3.542179e-08,1.5853065e-08,2.8650675,293.4803,64.9344,378.6997,451.22986,115.820496,29.057312
2002,8,5.889117e-08,historical,2.9101583e-08,2.1475046e-08,2.9789588e-08,3.912471e-09,2.7740211,276.2938,60.697723,378.2202,453.0144,104.63202,31.039429
2002,9,7.142033e-08,historical,4.146656e-08,2.4521729e-08,2.995377e-08,1.1115304e-08,2.7701511,221.09184,48.86798,340.21826,410.66382,84.150635,21.505005
2002,10,4.340611e-08,historical,2.3768608e-08,1.1597697e-08,1.96375e-08,7.725862e-09,2.7382264,154.27155,34.404274,316.97046,380.38593,50.36969,13.459106
2002,11,1.2691593e-08,historical,7.499042e-09,1.310024e-08,5.192551e-09,-7.558809e-09,2.5587802,91.830574,38.813587,287.17773,324.1419,22.909668,8.595154
2002,12,3.3218137e-09,historical,1.9735695e-09,1.3757154e-08,1.3482443e-09,-1.2911755e-08,2.361089,79.36143,27.094746,257.0874,303.9353,10.206848,8.729126
2003,1,2.0001734e-09,historical,1.3150581e-09,1.2892625e-08,6.8511535e-10,-1.2522798e-08,2.1857858,106.304794,39.348938,235.46216,294.84988,7.5808105,12.630432
2003,2,9.056894e-09,historical,5.9989302e-09,1.3728443e-08,3.0579628e-09,-8.955964e-09,2.049518,134.53381,64.80578,255.37744,297.96838,14.742371,1.5479736
2003,3,3.020409e-08,historical,2.0195317e-08,2.1626533e-08,1.0008773e-08,-3.943461e-09,2.1362863,169.91602,53.14026,287.5376,336.20667,38.424072,22.422485
2003,4,7.561965e-08,historical,4.9002274e-08,3.4067423e-08,2.6617379e-08,8.6936796e-09,2.52388,209.45203,45.121353,322.34692,378.27173,80.50806,20.04718
2003,5,1.0972546e-07,historical,6.741836e-08,4.4507935e-08,4.2307096e-08,1.3026984e-08,2.8181489,260.5858,57.716278,333.29126,399.27612,112.59711,15.786682
2003,6,1.0024854e-07,historical,5.1974453e-08,4.9631982e-08,4.8274092e-08,-5.026805e-09,2.9048553,302.08078,66.46449,373.6631,442.89966,129.62756,20.579407
2003,7,5.645021e-08,historical,2.4319801e-08,2.0352156e-08,3.2130412e-08,1.1941649e-09,2.80209,304.47403,66.870834,391.78174,472.4004,119.94678,24.267029
2003,8,4.9496844e-08,historical,2.29417e-08,1.9765299e-08,2.6555142e-08,4.0005502e-10,2.6928632,259.8926,56.607956,391.73608,460.48486,99.06683,28.939758
2003,9,4.244541e-08,historical,2.4652682e-08,1.3232439e-08,1.7792727e-08,8.066203e-09,2.6270976,220.88788,48.779617,331.5193,408.7849,65.19928,34.358154
2003,10,3.565195e-08,historical,2.1306487e-08,1.1021416e-08,1.4345464e-08,6.9482433e-09,2.581356,150.8632,33.291023,320.98755,383.58582,47.985046,13.586426
2003,11,2.3950914e-08,historical,1.5064844e-08,1.7777362e-08,8.8860705e-09,-5.417994e-09,2.5013437,100.520905,22.567444,291.63354,346.44983,30.279846,4.1364746
2003,12,1.0202727e-08,historical,4.9708544e-09,1.6963293e-08,5.231873e-09,-1.34605775e-08,2.3618393,64.805786,16.26867,295.86597,333.5548,16.541931,0.6766968
2004,1,2.1254298e-09,historical,1.1550441e-09,1.6798582e-08,9.703858e-10,-1.6580959e-08,2.1910353,83.51498,43.272278,255.84473,291.00433,8.492249,14.949341
2004,2,1.1941308e-08,historical,8.003052e-09,1.4895454e-08,3.938256e-09,-8.3248395e-09,2.0859146,132.01425,35.694016,261.77197,317.81152,22.306702,14.514221
2004,3,2.3337801e-08,historical,1.5760762e-08,1.8930342e-08,7.577039e-09,-5.260006e-09,2.112821,171.2975,46.829918,277.48022,328.59814,36.797546,33.92108
2004,4,5.1031435e-08,historical,3.380938e-08,2.6482516e-08,1.7222053e-08,3.049817e-09,2.3590782,180.83548,39.08629,310.49316,358.45776,62.324768,28.065613
2004,5,1.0535395e-07,historical,6.707271e-08,3.7682995e-08,3.8281236e-08,2.0545555e-08,2.704586,292.21878,64.27115,326.42383,398.95782,108.01593,33.80017
2004,6,1.1218092e-07,historical,6.528955e-08,3.7355736e-08,4.6891376e-08,1.8797605e-08,2.8998735,288.2386,63.49156,356.81055,425.53033,127.55536,19.360413
2004,7,7.2562415e-08,historical,3.095353e-08,1.8877735e-08,4.160888e-08,7.3845654e-09,2.867679,295.872,65.09177,379.4746,451.41528,117.157776,30.151978
2004,8,4.076859e-08,historical,1.6732363e-08,1.9469597e-08,2.4036229e-08,-4.9265245e-09,2.746342,281.60712,61.963425,373.10962,457.14636,82.13629,46.11566
2004,9,3.550128e-08,historical,1.7585867e-08,1.715577e-08,1.7915413e-08,-2.019158e-09,2.6305807,220.7204,48.293686,358.729,433.6844,64.987915,33.340393
2004,10,3.645435e-08,historical,2.2252504e-08,1.3272753e-08,1.4201844e-08,5.580533e-09,2.5714123,137.51672,30.43489,313.30493,369.8554,44.861633,14.156128
2004,11,2.305524e-08,historical,1.4628578e-08,1.0096698e-08,8.426659e-09,1.900766e-09,2.5043576,100.247375,22.58915,293.69336,346.34332,25.285645,9.716431
2004,12,1.836993e-09,historical,1.1188303e-09,1.36199185e-08,7.181628e-10,-1.3490795e-08,2.3327239,88.52275,49.613834,243.76416,282.0307,9.492371,10.008484
2005,1,7.768259e-10,historical,4.926106e-10,1.662815e-08,2.8421532e-10,-1.6946784e-08,2.139419,100.658615,75.530075,232.95508,260.75696,7.105713,-5.483032
2005,2,7.743968e-09,historical,4.9608238e-09,1.4638516e-08,2.7831444e-09,-1.0737599e-08,2.0050228,121.64903,54.600662,270.73633,307.1297,15.397156,10.199158
2005,3,4.679317e-08,historical,2.8589834e-08,3.08831e-08,1.8203336e-08,-5.4733427e-09,2.2023408,149.59462,31.626358,326.98145,371.4848,57.20038,5.5567017
2005,4,6.994919e-08,historical,4.6094275e-08,3.2130195e-08,2.3854914e-08,8.074254e-09,2.5250018,228.70181,50.004974,299.10522,367.4267,76.35394,33.160767
2005,5,9.785424e-08,historical,6.247701e-08,2.4589548e-08,3.5377234e-08,2.9246607e-08,2.7887008,276.32843,61.128616,322.51074,392.0876,102.111145,34.224243
2005,6,7.8047876e-08,historical,3.4589974e-08,1.66285e-08,4.34579e-08,1.2340283e-08,2.8621678,303.13162,67.15556,371.61523,443.62665,113.50104,35.770813
2005,7,4.632727e-08,historical,1.8808015e-08,2.1792221e-08,2.7519253e-08,-5.5155263e-09,2.7493472,291.49216,63.13513,398.677,470.27783,100.49158,45.49579
2005,8,2.5739844e-08,historical,8.7667e-09,2.4766507e-08,1.6973143e-08,-1.7194825e-08,2.57733,258.68372,55.792023,408.12476,481.8954,79.63281,41.641296
2005,9,2.9053965e-08,historical,1.5976754e-08,1.5671093e-08,1.307721e-08,-1.8056839e-09,2.4681113,233.44296,50.79489,334.33154,421.3258,60.27112,41.351624
2005,10,2.11427e-08,historical,1.3013552e-08,9.565332e-09,8.129148e-09,1.443345e-09,2.4097276,165.7378,36.42302,305.63574,380.94995,36.35736,25.28125
2005,11,6.204706e-09,historical,4.0547103e-09,5.2488693e-09,2.149996e-09,-2.3830808e-09,2.2551374,88.72708,28.705563,282.38672,323.69128,17.673462,12.6779175
2005,12,1.6713971e-09,historical,1.0321346e-09,6.3990666e-09,6.392626e-10,-6.1779075e-09,2.0829396,82.739914,52.126,262.37476,292.88846,10.387329,-0.6087036
2006,1,1.1826349e-09,historical,7.453886e-10,1.1534177e-08,4.3724624e-10,-1.1491014e-08,1.9258957,90.72696,38.76284,245.66504,286.29752,6.0151978,24.150818
2006,2,7.7970114e-10,historical,5.28629e-10,1.1508237e-08,2.5107216e-10,-1.1586532e-08,1.7781379,151.01147,88.38214,224.76367,270.64508,10.061279,14.517761
2006,3,1.0353047e-08,historical,7.1582e-09,1.2884179e-08,3.194847e-09,-6.6345316e-09,1.7104349,184.7505,62.14538,259.44458,313.80194,26.839233,33.469177
2006,4,6.0848755e-08,historical,3.8235044e-08,3.1086483e-08,2.261371e-08,3.6668495e-09,2.1458802,209.36984,42.724136,326.41138,382.9478,75.03937,16.200867
2006,5,8.714962e-08,historical,5.6490247e-08,2.6669257e-08,3.065938e-08,2.3133765e-08,2.6344554,261.79904,57.287964,323.5056,388.14032,96.62109,34.18573
2006,6,8.699222e-08,historical,4.8712764e-08,2.2136106e-08,3.8279463e-08,2.0197772e-08,2.8055012,279.1854,61.51828,365.52246,430.18396,113.49011,25.223206
2006,7,5.5175747e-08,historical,2.3545487e-08,2.4574929e-08,3.163026e-08,-3.8341885e-09,2.7506075,301.96432,65.436905,403.79272,474.39233,119.33002,31.691711
2006,8,2.857429e-08,historical,1.0993891e-08,2.3845404e-08,1.7580398e-08,-1.429403e-08,2.5897362,270.26154,58.84024,396.32983,482.7671,69.29242,47.04712
2006,9,2.7509808e-08,historical,1.2645986e-08,1.9253688e-08,1.4863824e-08,-8.341196e-09,2.450622,223.43149,48.103165,374.47607,451.6031,66.43976,31.60907
2006,10,2.2251038e-08,historical,1.25470905e-08,1.18211245e-08,9.703947e-09,-1.1572945e-09,2.382926,164.91518,35.773132,328.2544,402.10864,39.635742,21.611145
2006,11,1.6228357e-08,historical,1.0139222e-08,1.4313298e-08,6.0891345e-09,-5.973279e-09,2.2875865,80.33515,17.619675,298.8584,343.9986,25.908325,5.4399414
2006,12,4.025297e-09,historical,2.4646971e-09,1.0253266e-08,1.5605999e-09,-8.810675e-09,2.1451597,81.71159,40.91831,261.19385,299.2127,16.321594,6.6973267
2007,1,1.3252124e-09,historical,8.5571455e-10,1.3587269e-08,4.694978e-10,-1.3501685e-08,1.9791051,98.31131,59.98007,248.3606,283.94116,7.4577637,3.7025757
2007,2,7.0753483e-09,historical,4.4757225e-09,1.3915719e-08,2.5996258e-09,-1.0382752e-08,1.876421,127.277176,54.618164,258.96777,304.66748,13.964966,7.015869
2007,3,2.0328763e-08,historical,1.35759635e-08,1.8433143e-08,6.7528e-09,-6.3859944e-09,1.901694,184.35895,66.69504,270.97095,323.4901,35.84796,25.873352
2007,4,5.8978326e-08,historical,3.870461e-08,2.6714133e-08,2.0273715e-08,7.993603e-09,2.2335622,232.0015,49.092697,298.2495,364.8683,69.941956,36.851685
2007,5,9.1120526e-08,historical,5.174845e-08,2.1572387e-08,3.937207e-08,2.4081832e-08,2.646721,286.9012,62.19615,369.69556,438.22675,123.12598,16.187439
2007,6,9.954286e-08,historical,5.6197436e-08,3.415917e-08,4.3345423e-08,1.4785013e-08,2.796344,298.81848,65.37805,373.365,440.38794,132.31287,25.328247
2007,7,6.3557245e-08,historical,3.2384786e-08,1.935976e-08,3.117246e-08,9.009595e-09,2.7972937,309.1523,68.01677,382.136,461.33392,114.64667,35.216797
2007,8,3.220317e-08,historical,1.320947e-08,2.3584436e-08,1.8993703e-08,-1.2142424e-08,2.630727,268.4405,58.384567,397.75757,476.23462,83.79779,40.973328
2007,9,4.0038632e-08,historical,2.1166132e-08,1.6780492e-08,1.8872498e-08,1.5583201e-09,2.543944,211.62184,45.75502,363.5127,432.27032,71.47827,28.6474
2007,10,4.061169e-08,historical,2.429967e-08,1.160456e-08,1.6312017e-08,9.193249e-09,2.5639422,159.16936,35.652,317.59546,384.74316,50.065002,14.198242
2007,11,1.6320595e-08,historical,9.332762e-09,1.7722508e-08,6.9878316e-09,-1.03604085e-08,2.4278643,76.66307,17.090649,309.84546,346.77325,26.259277,8.092346
2007,12,4.705245e-09,historical,3.0793657e-09,1.1018648e-08,1.6258798e-09,-9.131749e-09,2.2771764,76.47675,19.74804,263.9419,309.84888,11.477539,14.982483
2008,1,3.3945822e-09,historical,1.9901367e-09,1.3241646e-08,1.4044453e-09,-1.2228208e-08,2.1144152,90.09335,44.404255,261.01807,298.62753,9.904602,8.088013
2008,2,4.9195115e-09,historical,3.3359928e-09,1.4642691e-08,1.5835185e-09,-1.2272947e-08,1.9798316,115.80866,44.0299,261.69946,303.9989,16.2771,19.639587
2008,3,1.2365397e-08,historical,8.581115e-09,1.5323616e-08,3.7842818e-09,-7.976794e-09,1.9052808,198.1841,103.61835,260.63306,303.33215,27.48944,15.869385
2008,4,5.3777338e-08,historical,3.5604398e-08,2.7409087e-08,1.8172939e-08,4.4394532e-09,2.2161262,187.2212,39.342422,315.3418,362.69324,65.70776,26.410889
2008,5,9.367378e-08,historical,5.998741e-08,1.8470221e-08,3.368638e-08,3.3812203e-08,2.654588,264.30313,58.105682,329.40186,396.12842,100.57178,28.429565
2008,6,8.2648825e-08,historical,4.4864244e-08,2.4847715e-08,3.7784584e-08,1.3754682e-08,2.807283,300.19247,65.98418,357.11914,431.85687,115.18689,30.792175
2008,7,4.947835e-08,historical,2.0148812e-08,2.2573873e-08,2.9329534e-08,-4.894358e-09,2.719015,313.8175,68.055145,400.94263,478.9942,113.24463,41.05542
2008,8,3.050744e-08,historical,1.3215285e-08,2.239947e-08,1.7292155e-08,-1.0865163e-08,2.562169,278.56873,60.429245,385.2959,470.8689,74.44263,52.105286
2008,9,4.2389896e-08,historical,2.2355637e-08,2.0323307e-08,2.0034259e-08,-8.829115e-10,2.507498,194.287,41.716446,364.51025,428.43652,65.119446,24.532166
2008,10,4.6207152e-08,historical,2.816391e-08,1.3576164e-08,1.8043242e-08,1.0656987e-08,2.5692105,166.1061,36.950348,309.28467,379.90112,49.554993,19.690308
2008,11,1.5974644e-08,historical,1.0367963e-08,6.0438072e-09,5.6066813e-09,2.199994e-09,2.462257,110.520164,25.911545,281.9348,340.1892,20.795288,16.12555
2008,12,2.6570254e-10,historical,1.5728734e-10,3.782138e-09,1.08415193e-10,-4.532593e-09,2.260386,102.26847,71.34665,217.31567,255.4483,8.5252075,6.399475
2009,1,1.3278263e-09,historical,7.769352e-10,1.2448735e-08,5.508912e-10,-1.2531071e-08,2.0810633,111.108734,62.40599,223.88062,272.73077,4.308655,4.7650757
2009,2,8.176241e-09,historical,5.523649e-09,1.3258528e-08,2.6525915e-09,-8.826345e-09,1.9533767,139.12433,60.1241,261.47827,307.60596,11.64624,10.116516
2009,3,2.5280238e-08,historical,1.7150274e-08,1.033018e-08,8.1299625e-09,4.7656026e-09,2.0480278,179.64917,38.210083,272.99316,337.6261,37.466125,34.25482
2009,4,6.712696e-08,historical,4.2773674e-08,3.279424e-08,2.4353284e-08,5.0249427e-09,2.3679583,210.98322,44.976562,325.99902,379.14618,77.10492,23.957458
2009,5,9.9595944e-08,historical,5.74749e-08,3.5305135e-08,4.2121044e-08,1.4322711e-08,2.7307584,255.62456,55.79782,351.8684,411.42188,111.645325,18.527039
2009,6,1.0237303e-07,historical,5.4546e-08,6.7673525e-08,4.7827033e-08,-2.0330392e-08,2.8501275,244.89644,53.426376,388.75854,438.815,116.81543,15.203186
2009,7,7.0312346e-08,historical,3.502207e-08,2.001064e-08,3.529028e-08,1.0946139e-08,2.824052,301.15533,65.880066,390.58472,463.33057,115.37805,35.61963
2009,8,3.6483193e-08,historical,1.5230697e-08,2.2187251e-08,2.1252498e-08,-8.6585406e-09,2.6628425,283.07874,61.582428,394.6277,477.1261,85.323364,44.99469
2009,9,5.089855e-08,historical,2.6350065e-08,1.9374198e-08,2.4548482e-08,3.7379415e-09,2.594079,206.36093,44.339203,378.07764,437.6703,88.597046,17.357544
2009,10,4.4305978e-08,historical,2.6476199e-08,1.0263836e-08,1.7829777e-08,1.2498504e-08,2.6021867,163.36848,36.297432,316.48218,382.7013,54.909058,12.958252
2009,11,1.8020726e-08,historical,1.1093924e-08,1.078716e-08,6.926802e-09,-1.8608123e-09,2.490217,94.62949,21.777283,289.92065,340.9585,25.352478,9.066467
2009,12,2.6708926e-09,historical,1.7194185e-09,1.19042785e-08,9.514739e-10,-1.1225546e-08,2.3119338,80.50281,42.891045,257.8203,292.15112,11.937683,4.920105
2010,1,3.673168e-09,historical,2.380291e-09,1.7991209e-08,1.2928769e-09,-1.6592866e-08,2.1386895,96.89687,54.015182,249.13623,287.77255,6.518921,3.3779297
2010,2,5.514378e-09,historical,3.7498693e-09,1.35721665e-08,1.7645083e-09,-1.0798434e-08,2.0089028,128.58945,61.151894,260.833,301.88733,16.21344,11.525757
2010,3,5.7307115e-09,historical,3.910505e-09,1.2759665e-08,1.820207e-09,-9.758571e-09,1.9189427,192.62206,86.17189,251.92627,302.2871,19.135925,44.78485
2010,4,4.954777e-08,historical,3.314636e-08,2.4227017e-08,1.6401406e-08,5.63078e-09,2.1394906,190.26167,44.166,309.406,359.87695,59.17926,18.140137
2010,5,1.09916016e-07,historical,6.6604976e-08,4.9546475e-08,4.3311033e-08,9.371937e-09,2.6617455,268.77332,57.671112,356.15747,418.27795,117.71362,15.491638
2010,6,1.0047432e-07,historical,5.5062223e-08,3.4140268e-08,4.5412087e-08,1.4283583e-08,2.8407388,293.63638,63.965393,385.28906,448.06287,126.14282,26.197205
2010,7,8.09268e-08,historical,4.2265103e-08,2.5128156e-08,3.86617e-08,1.2439725e-08,2.8180451,310.88007,67.98787,383.97095,456.508,126.30554,34.810974
2010,8,4.4311626e-08,historical,2.1256207e-08,2.1146844e-08,2.3055419e-08,-2.2441273e-09,2.7004967,282.9872,61.717697,381.97803,464.06366,83.06506,50.374023
2010,9,4.1447763e-08,historical,2.407831e-08,1.4127106e-08,1.7369453e-08,6.9173045e-09,2.6227336,236.97617,52.44818,333.28906,416.28625,65.691284,38.710876
2010,10,4.1711175e-08,historical,2.4157393e-08,2.7776288e-08,1.7553784e-08,-7.1198443e-09,2.5882363,124.9139,27.816238,328.81958,379.29718,45.71454,9.732727
2010,11,2.4835112e-08,historical,1.5521325e-08,2.7840317e-08,9.313785e-09,-1.495447e-08,2.5126994,112.461464,27.89621,276.19775,337.45178,26.632874,11.339783
2010,12,7.854755e-09,historical,4.16589e-09,1.8827823e-08,3.688865e-09,-1.5954125e-08,2.3554106,83.6808,35.34947,267.4265,313.83722,14.115051,-1.0297852
2011,1,4.0809703e-10,historical,2.648742e-10,1.4544847e-08,1.4322282e-10,-1.5082284e-08,2.1643505,113.619225,84.84411,217.88184,251.04492,4.395874,0.99261475
2011,2,6.9640076e-09,historical,4.3666146e-09,1.4331612e-08,2.597393e-09,-1.0950365e-08,2.0115778,123.87614,63.714478,274.88916,305.143,16.707764,7.28125
2011,3,3.2010576e-08,historical,2.0815705e-08,2.25286e-08,1.119487e-08,-4.044292e-09,2.14134,152.40973,44.79509,305.66577,346.14185,39.795288,21.751038
2011,4,5.3204637e-08,historical,3.5755026e-08,2.3980295e-08,1.744961e-08,7.702718e-09,2.3364723,214.87065,47.957886,293.31323,353.13654,60.361084,41.283875
2011,5,1.0202447e-07,historical,6.348551e-08,4.073095e-08,3.8538957e-08,1.4787421e-08,2.6974506,245.11519,53.60428,342.87305,399.4353,105.07617,18.470642
2011,6,1.0206646e-07,historical,5.7449224e-08,4.3641375e-08,4.4617234e-08,6.7101826e-09,2.87771,320.8996,70.80887,367.04492,443.08984,129.96344,28.366882
2011,7,6.800273e-08,historical,3.326644e-08,2.0330651e-08,3.4736292e-08,9.154792e-09,2.8118544,300.53284,66.115524,391.53247,463.52344,121.02692,29.182678
2011,8,4.1553843e-08,historical,1.7743782e-08,2.2265118e-08,2.3810058e-08,-6.539084e-09,2.664697,273.88345,59.471466,398.18433,474.18433,91.83038,38.192444
2011,9,3.493016e-08,historical,1.6288435e-08,1.9955207e-08,1.8641726e-08,-5.7212826e-09,2.5233917,219.76778,47.34218,377.41943,454.17657,60.977478,35.0437
2011,10,3.0317626e-08,historical,1.7721826e-08,1.0432071e-08,1.2595802e-08,4.7577227e-09,2.487555,155.68648,34.26367,316.88623,385.60504,48.19104,12.650696
2011,11,1.767029e-08,historical,9.6729025e-09,2.9887126e-08,7.997387e-09,-2.2036563e-08,2.3541214,94.30006,30.15155,293.73584,340.50842,27.148438,1.5082397
2011,12,9.585706e-09,historical,5.870457e-09,2.0129178e-08,3.7152486e-09,-1.5655369e-08,2.2522795,84.721176,28.462738,260.36963,316.05444,16.548706,-1.8199463
2012,1,4.703178e-10,historical,2.9563185e-10,1.26432855e-08,1.7468593e-10,-1.3144482e-08,2.0782666,108.87837,80.055855,213.37744,247.77762,7.1553955,1.4715576
2012,2,1.2408683e-09,historical,8.193887e-10,1.1817306e-08,4.214796e-10,-1.171117e-08,1.9089767,150.91925,112.793884,242.61157,271.5178,8.214539,-1.7216797
2012,3,2.6716124e-08,historical,1.7582503e-08,1.7865785e-08,9.133622e-09,-2.116443e-09,1.9368407,156.17543,35.874664,293.03906,340.42853,39.246765,22.339966
2012,4,7.2164376e-08,historical,4.712764e-08,3.0300235e-08,2.5036735e-08,1.1666651e-08,2.3792377,205.18314,43.860428,321.1516,377.1123,75.67352,21.359863
2012,5,1.09876034e-07,historical,6.80736e-08,4.3178705e-08,4.180244e-08,1.6193047e-08,2.762718,248.74556,54.535004,346.7439,404.6059,106.63818,19.608704
2012,6,1.0146639e-07,historical,5.600279e-08,4.0665743e-08,4.54636e-08,8.3943155e-09,2.8891807,303.38837,66.66167,381.00415,446.1269,130.83142,25.077332
2012,7,9.4405166e-08,historical,5.064681e-08,2.93877e-08,4.375835e-08,1.5138724e-08,2.873963,291.14786,63.898865,379.26855,447.12927,122.97601,28.664978
2012,8,5.1219967e-08,historical,2.1054039e-08,2.3082457e-08,3.016593e-08,-4.261171e-09,2.7504535,267.36438,58.37085,404.97925,475.20447,103.488464,27.275879
2012,9,4.1130956e-08,historical,2.0857106e-08,1.7804853e-08,2.027385e-08,5.179598e-10,2.637242,237.57884,51.9225,362.24658,441.28162,74.21344,31.747253
2012,10,5.2071766e-08,historical,3.106581e-08,1.6808698e-08,2.1005958e-08,1.0155268e-08,2.6535811,151.0888,33.338142,325.46118,387.18225,53.453125,11.559326
2012,11,3.103782e-08,historical,1.6863629e-08,2.4045983e-08,1.41741925e-08,-9.9189155e-09,2.5833967,98.79399,22.270042,311.91724,364.52893,33.90747,0.34649658
2012,12,6.8457937e-09,historical,4.1691917e-09,2.0914719e-08,2.6766025e-09,-1.8029825e-08,2.3985815,81.37362,40.968296,272.0525,306.7019,15.956177,1.5792847
2013,1,1.0846058e-08,historical,6.881248e-09,1.7937955e-08,3.9648107e-09,-1.2474541e-08,2.259101,96.26311,21.49643,263.07446,320.6847,15.378967,12.718262
2013,2,1.1409561e-08,historical,7.528505e-09,1.6898808e-08,3.8810564e-09,-1.076332e-08,2.1877193,139.56985,39.24968,252.08105,314.35645,19.234741,28.30011
2013,3,2.6334178e-08,historical,1.7832967e-08,1.7276772e-08,8.501211e-09,-1.6306265e-09,2.1765132,173.02344,41.934143,275.7141,332.341,38.190247,27.635803
2013,4,6.688156e-08,historical,4.197364e-08,3.1663618e-08,2.4907926e-08,5.581279e-09,2.4554927,192.41539,41.688385,329.74805,378.33624,77.91608,16.51007
2013,5,1.0471806e-07,historical,6.8097194e-08,3.7467956e-08,3.662087e-08,2.1967619e-08,2.7651575,266.1369,59.199707,320.0276,386.47546,100.984436,33.507507
2013,6,1.01294596e-07,historical,5.4722413e-08,5.960339e-08,4.6572183e-08,-1.1681589e-08,2.8820868,284.36395,62.401154,379.8335,443.12964,125.69116,17.410706
2013,7,7.280003e-08,historical,3.5878703e-08,2.4305434e-08,3.6921325e-08,7.414594e-09,2.849315,318.84552,70.1927,383.63354,465.48547,121.828125,31.523438
2013,8,5.4254773e-08,historical,2.678666e-08,1.9029105e-08,2.746811e-08,4.668401e-09,2.722879,273.8843,59.866745,377.96558,457.01605,89.62988,41.14856
2013,9,6.070856e-08,historical,3.26318e-08,1.5575297e-08,2.807676e-08,1.297844e-08,2.7138817,221.61455,48.53865,358.94238,427.979,83.93005,22.250671
2013,10,3.7398145e-08,historical,2.4116863e-08,8.5402965e-09,1.3281279e-08,1.1986167e-08,2.6671934,158.55289,35.36451,299.56055,366.64832,47.124878,18.68097
2013,11,2.1409997e-08,historical,1.3195115e-08,1.3256672e-08,8.214881e-09,-2.479626e-09,2.540329,105.58869,32.362244,290.13916,341.8391,28.827942,2.8398438
2013,12,7.467154e-09,historical,3.1765177e-09,1.4918019e-08,4.290636e-09,-1.2960264e-08,2.3682225,84.60762,39.27385,272.7754,317.7384,17.308777,-3.045166
2014,1,4.2524784e-09,historical,2.7346958e-09,1.3257804e-08,1.5177825e-09,-1.1586707e-08,2.2072167,105.2388,37.401886,231.98755,292.35757,10.588806,20.898987
2014,2,1.8268446e-09,historical,1.2335275e-09,1.1077984e-08,5.9331695e-10,-1.0663058e-08,2.0385218,143.19342,61.97912,235.45142,286.2202,9.777588,30.19342
2014,3,1.902223e-08,historical,1.3090379e-08,1.44901415e-08,5.93185e-09,-2.994819e-09,1.9959292,195.48396,72.845795,264.1985,316.66388,26.815369,28.53302
2014,4,6.920363e-08,historical,4.7195723e-08,2.1332541e-08,2.2007903e-08,2.0722654e-08,2.380385,256.04272,55.070374,290.7832,362.24097,74.38818,40.51001
2014,5,9.68587e-08,historical,5.590485e-08,2.0090358e-08,4.095385e-08,2.8131408e-08,2.737844,259.2165,57.123337,339.3452,402.0603,100.80188,27.965942
2014,6,7.444531e-08,historical,3.2147238e-08,1.5847778e-08,4.2298073e-08,1.109014e-08,2.8337896,326.7546,72.07884,364.67065,446.58313,113.90259,40.32184
2014,7,4.4959116e-08,historical,1.9323261e-08,2.2244429e-08,2.5635854e-08,-5.294955e-09,2.7181032,292.95786,63.092285,402.89526,471.46747,105.591125,43.65161
2014,8,3.712965e-08,historical,1.8305997e-08,2.0581219e-08,1.8823654e-08,-4.5304107e-09,2.6236045,268.0597,58.583298,379.2251,457.81213,82.97327,42.765137
2014,9,2.8121459e-08,historical,1.5574987e-08,1.6121934e-08,1.2546473e-08,-2.5892828e-09,2.4984992,226.84772,49.554688,338.17188,422.59497,53.50238,44.22882
2014,10,3.6585654e-08,historical,2.139062e-08,1.1661755e-08,1.5195035e-08,6.8830737e-09,2.4910667,151.34348,33.084587,327.68286,391.77283,50.932495,5.8327026
2014,11,1.8499238e-08,historical,1.0441676e-08,1.9108946e-08,8.057562e-09,-1.05625855e-08,2.4217935,88.58415,28.115356,302.24634,345.3144,28.305237,0.52441406
2014,12,6.597636e-09,historical,3.7231025e-09,1.2068768e-08,2.8745335e-09,-9.483864e-09,2.2514343,71.235825,15.984943,272.01294,317.61426,12.504822,13.05249
