year,month,gpp_kgC_m2_s,scenario,npp_kgC_m2_s,rh_kgC_m2_s,ra_kgC_m2_s,nbp_kgC_m2_s,lai_m2_m2,sw_down_sfc_W_m2,sw_up_sfc_W_m2,lw_down_atm_W_m2,lw_up_sfc_W_m2,latent_heat_W_m2,sensible_heat_W_m2
1980,1,3.0505938e-09,historical,4.7807985e-10,2.107368e-08,2.572514e-09,-2.1106668e-08,1.7067821,16.762426,2.4975815,308.49146,331.1106,14.732544,-13.428162
1980,2,4.9624744e-09,historical,2.2585744e-09,1.6007961e-08,2.7039002e-09,-1.42892915e-08,1.5983468,51.444412,8.917912,284.3203,324.03003,18.627258,-1.2061768
1980,3,1.1183895e-08,historical,6.5601546e-09,1.0622207e-08,4.623739e-09,-4.8530433e-09,1.6228704,108.23543,14.675461,272.81616,329.15308,15.459656,8.494202
1980,4,1.9594362e-08,historical,1.1976811e-08,1.6680199e-08,7.617553e-09,-5.909245e-09,1.753631,118.74508,14.439537,308.71167,341.365,29.129883,14.592712
1980,5,5.31525e-08,historical,3.492528e-08,8.92169e-09,1.822722e-08,2.3097957e-08,2.4303958,231.91376,28.296768,298.97534,360.83527,49.728638,26.012451
1980,6,6.063214e-08,historical,3.7967656e-08,8.3974445e-09,2.2664485e-08,2.610064e-08,2.9078197,257.0874,31.397232,310.79443,380.4558,65.94537,32.418335
1980,7,4.568037e-08,historical,2.642918e-08,9.786074e-09,1.9251187e-08,1.3981854e-08,3.002373,242.33292,29.846252,318.28198,393.11743,69.30066,34.62909
1980,8,3.6288302e-08,historical,2.0467498e-08,1.0680503e-08,1.5820804e-08,7.627936e-09,2.9962964,209.42387,26.156143,327.01685,398.6358,66.19086,30.433838
1980,9,3.000725e-08,historical,1.5784407e-08,9.208027e-09,1.4222845e-08,4.6876516e-09,2.959362,120.15636,15.553764,332.5293,386.82373,61.02307,12.470642
1980,10,1.599907e-08,historical,7.925182e-09,7.491583e-09,8.073888e-09,-7.111357e-10,2.834197,61.087025,8.401249,321.85815,370.0204,43.06073,5.095337
1980,11,5.5610676e-09,historical,2.195929e-09,6.9499313e-09,3.3651384e-09,-5.384959e-09,2.2820823,29.887001,5.0381813,287.72192,341.03387,40.5166,16.565796
1980,12,1.6446894e-09,historical,-1.5423197e-11,1.1364086e-08,1.6601126e-09,-1.1871079e-08,1.7423648,13.572129,2.3670263,293.92114,329.4132,26.255249,-1.1638794
1981,1,1.3774849e-09,historical,1.3071678e-10,1.3092038e-08,1.2467681e-09,-1.3389287e-08,1.630745,22.016836,6.021571,279.2959,316.97113,16.815735,-3.2562256
1981,2,1.6386952e-09,historical,5.853983e-10,1.594818e-08,1.0532969e-09,-1.5742286e-08,1.5314982,50.537075,15.24305,266.34448,307.45236,17.71167,2.303955
1981,3,7.15772e-09,historical,3.926741e-09,1.5383607e-08,3.2309795e-09,-1.1972124e-08,1.498199,88.16357,13.043739,287.8413,322.67828,13.542297,1.5648804
1981,4,2.7845354e-08,historical,1.7404185e-08,1.505842e-08,1.04411715e-08,9.671798e-10,1.8561765,144.33702,17.47908,307.56958,345.4698,25.143616,8.91394
1981,5,6.605452e-08,historical,4.3134296e-08,1.3056558e-08,2.292022e-08,2.673405e-08,2.6353514,250.35918,30.31784,300.99365,366.79645,48.83545,24.982727
1981,6,5.922089e-08,historical,3.608902e-08,8.899555e-09,2.3131868e-08,2.3785878e-08,2.9733193,245.19896,29.912415,319.8318,382.78174,64.66528,32.651733
1981,7,5.1884644e-08,historical,2.9453439e-08,9.625606e-09,2.2431205e-08,1.6721632e-08,3.0373995,218.50476,26.761719,332.69287,390.11993,74.04346,31.03778
1981,8,4.6301327e-08,historical,2.5627086e-08,9.416053e-09,2.0674241e-08,1.32819595e-08,3.039034,174.63968,21.972107,325.95386,387.33502,66.230225,20.662231
1981,9,3.18177e-08,historical,1.7905498e-08,8.800581e-09,1.3912202e-08,7.0197657e-09,3.0138037,139.93288,18.331017,312.27637,380.6598,62.609802,16.89685
1981,10,1.3932992e-08,historical,6.379407e-09,7.749955e-09,7.553585e-09,-2.4251943e-09,2.870214,53.88256,7.296669,328.41357,369.29266,34.617798,3.873108
1981,11,6.7397874e-09,historical,2.4769065e-09,1.0295869e-08,4.2628807e-09,-8.5173735e-09,2.391955,24.796581,3.9451447,312.11328,347.5194,38.570435,4.236389
1981,12,1.4060566e-09,historical,-8.953909e-12,1.646686e-08,1.4150106e-09,-1.6969274e-08,1.7615064,13.225491,2.7175426,288.94043,325.02173,28.947693,8.859192
1982,1,8.933813e-10,historical,7.9062604e-11,1.0455754e-08,8.143187e-10,-1.07958344e-08,1.6438593,20.152557,6.24862,277.51514,310.7633,20.080688,9.399658
1982,2,2.665388e-09,historical,1.1037355e-09,1.5969245e-08,1.5616525e-09,-1.5284414e-08,1.5452375,49.227123,11.629513,276.79932,309.094,7.329712,-1.6258545
1982,3,8.342316e-09,historical,4.5568433e-09,1.8069203e-08,3.7854724e-09,-1.409982e-08,1.5135616,84.65921,10.979317,295.8125,325.9751,18.514526,2.559204
1982,4,1.4069132e-08,historical,8.49556e-09,1.8544744e-08,5.5735723e-09,-1.0889181e-08,1.5662731,119.46174,15.7015915,298.06738,332.807,26.29535,14.787415
1982,5,5.136098e-08,historical,3.3848018e-08,1.3016865e-08,1.751296e-08,1.83106e-08,2.302932,232.78046,28.207642,295.7849,356.55225,45.386536,26.180359
1982,6,6.981779e-08,historical,4.3639815e-08,1.1518575e-08,2.6177974e-08,2.8307927e-08,2.8781304,244.92795,29.781982,327.21802,387.26965,57.22168,22.684265
1982,7,6.335776e-08,historical,3.6767204e-08,1.5736855e-08,2.6590557e-08,1.7227261e-08,3.0461273,246.59059,30.288788,325.73218,397.0221,78.34625,31.930847
1982,8,6.284732e-08,historical,3.5316088e-08,1.7747661e-08,2.7531234e-08,1.3591131e-08,3.090797,169.35396,21.24704,332.92798,388.34814,76.79999,14.06781
1982,9,4.6224894e-08,historical,2.5318188e-08,1.2893548e-08,2.0906702e-08,9.413942e-09,3.0405798,126.77976,16.57611,320.96704,381.46643,54.98065,8.141785
1982,10,2.05545e-08,historical,9.75495e-09,1.0055177e-08,1.07995515e-08,-1.7142389e-09,2.965231,56.605858,7.6228523,327.9358,370.12683,42.093994,0.72314453
1982,11,7.2404993e-09,historical,2.5804232e-09,2.1530072e-08,4.6600763e-09,-1.9701618e-08,2.3200147,23.767897,3.5645542,306.9812,345.34216,44.446228,0.19042969
1982,12,2.0827133e-09,historical,-1.0943379e-10,2.032089e-08,2.1921471e-09,-2.0973332e-08,1.8221484,13.541703,2.096712,291.60864,331.17963,26.526001,-0.17810059
1983,1,1.067265e-09,historical,1.401473e-10,1.5900019e-08,9.2711766e-10,-1.6201783e-08,1.6982661,24.931566,9.004184,263.36133,307.44446,18.029602,3.9126587
1983,2,2.7435672e-09,historical,1.1021105e-09,1.4145071e-08,1.6414564e-09,-1.3480014e-08,1.5934212,52.52636,11.075134,273.22412,312.8551,10.448303,-0.7097168
1983,3,8.463113e-09,historical,4.7916493e-09,1.5118243e-08,3.671464e-09,-1.0933453e-08,1.541079,96.670975,20.257019,287.59595,321.15997,14.839355,1.236023
1983,4,1.7131699e-08,historical,1.0436402e-08,1.6661996e-08,6.6952968e-09,-7.2608524e-09,1.6715841,135.24399,16.689293,296.78516,337.3067,35.29431,8.498413
1983,5,4.7593208e-08,historical,3.1227408e-08,1.7303119e-08,1.63658e-08,1.1519828e-08,2.2318642,206.39156,24.828552,302.7666,353.68347,47.775146,22.565552
1983,6,6.9056455e-08,historical,4.389563e-08,8.6314955e-09,2.516083e-08,3.14633e-08,2.8119848,298.00626,36.404846,306.06104,387.00397,57.798462,34.892456
1983,7,5.453739e-08,historical,3.367984e-08,9.800697e-09,2.0857552e-08,2.0861107e-08,3.0036564,251.07239,30.865692,325.5149,396.93445,71.98309,34.29474
1983,8,3.4813983e-08,historical,1.9578867e-08,1.1820887e-08,1.5235116e-08,5.826921e-09,2.9955616,211.21567,26.348572,332.1687,408.8142,68.199585,22.632996
1983,9,2.3984807e-08,historical,1.3560755e-08,8.218962e-09,1.0424051e-08,3.8718433e-09,2.937706,113.38168,14.577156,320.40967,381.93115,73.59009,14.040405
1983,10,1.47769414e-08,historical,7.896227e-09,6.520385e-09,6.880714e-09,3.3408598e-10,2.566254,68.97391,9.6018715,300.99658,360.78906,55.477417,13.650269
1983,11,2.6337115e-09,historical,8.0233775e-10,5.3182436e-09,1.8313737e-09,-5.0756603e-09,1.8229643,31.153288,5.0057907,277.14453,332.58783,30.931763,5.3461914
1983,12,1.8082265e-09,historical,4.0084547e-11,1.4705626e-08,1.768142e-09,-1.5140312e-08,1.7067127,15.750983,2.5606737,289.97876,327.49292,24.440552,-6.5012817
1984,1,5.148303e-10,historical,8.3580726e-11,5.8213607e-09,4.3124956e-10,-6.118849e-09,1.5935847,35.80193,14.757477,216.66455,289.62396,16.13623,2.3468018
1984,2,2.2583397e-09,historical,8.48745e-10,1.28326745e-08,1.4095946e-09,-1.2358358e-08,1.4948971,39.617725,17.363516,294.8584,308.29037,4.8806763,-18.286499
1984,3,8.441001e-09,historical,4.6228075e-09,1.7441518e-08,3.818194e-09,-1.3357523e-08,1.4663585,89.972786,12.9412,292.1355,322.51233,15.5896,-7.8952637
1984,4,1.9167532e-08,historical,1.1833655e-08,1.793782e-08,7.333876e-09,-7.136442e-09,1.5929765,142.77272,17.486046,296.98633,338.9386,29.141602,16.023438
1984,5,4.9805617e-08,historical,3.1875004e-08,2.1458602e-08,1.7930612e-08,7.754754e-09,2.1989028,190.79865,23.020508,314.0188,360.0204,38.150146,15.471191
1984,6,8.1014925e-08,historical,5.2126094e-08,1.2525292e-08,2.8888829e-08,3.493745e-08,2.9140856,252.18626,30.85971,314.052,379.66974,63.69458,27.976257
1984,7,7.286805e-08,historical,4.1706965e-08,1.2019819e-08,3.1161086e-08,2.5254073e-08,3.0839117,211.74947,26.203278,328.44995,386.2661,72.82147,25.240479
1984,8,6.0184796e-08,historical,3.3385735e-08,9.773604e-09,2.679906e-08,1.984193e-08,3.1058135,202.28148,25.330444,324.66772,392.06055,77.233215,24.860046
1984,9,4.025971e-08,historical,2.1504755e-08,8.917997e-09,1.8754953e-08,1.0003034e-08,3.0511606,119.290085,15.726395,317.56934,379.78967,60.722412,6.8552246
1984,10,2.1126072e-08,historical,1.0649303e-08,7.41021e-09,1.0476768e-08,1.8142856e-09,2.8767633,67.66285,9.4900055,310.4048,366.36243,46.06653,1.2890015
1984,11,8.757732e-09,historical,2.9316671e-09,2.4065216e-08,5.8260645e-09,-2.190455e-08,2.5657492,24.588028,3.9083347,309.3335,348.1786,28.25,0.8723755
1984,12,2.0719237e-09,historical,-5.5137003e-11,1.8730665e-08,2.1270607e-09,-1.9320023e-08,1.8175269,12.728748,3.0254307,297.09668,329.05066,28.218262,1.2681274
1985,1,1.4322419e-09,historical,-2.078626e-11,1.7317596e-08,1.4530281e-09,-1.7794747e-08,1.6979207,24.09327,4.520418,265.4397,316.26855,27.47522,5.825989
1985,2,4.775745e-09,historical,1.733065e-09,1.7259104e-08,3.0426797e-09,-1.6058197e-08,1.6583576,34.09331,5.325117,308.66504,328.51636,17.637512,-20.768555
1985,3,1.0568973e-08,historical,5.75977e-09,2.0543997e-08,4.8092037e-09,-1.5524552e-08,1.6447386,78.13338,10.2100525,300.00537,332.6477,23.651611,-1.4153442
1985,4,2.047484e-08,historical,1.292035e-08,1.0825936e-08,7.554489e-09,8.801729e-10,1.7409976,158.62657,19.742386,283.74927,337.57764,35.46692,23.430359
1985,5,4.493928e-08,historical,2.9104761e-08,6.089164e-09,1.5834521e-08,2.0450397e-08,2.1864097,248.67279,30.472336,291.14746,359.96332,45.17993,29.86847
1985,6,5.7386178e-08,historical,3.603697e-08,8.887477e-09,2.1349207e-08,2.4206367e-08,2.8357122,249.4408,30.358688,320.3401,386.46124,57.98871,32.627747
1985,7,4.623694e-08,historical,2.7466283e-08,1.213569e-08,1.8770656e-08,1.2962097e-08,2.9703388,294.75772,36.27127,318.95508,409.4132,61.267273,43.45874
1985,8,3.5051e-08,historical,2.09314e-08,1.0027616e-08,1.4119598e-08,9.047886e-09,2.9433866,188.72108,23.35173,328.4414,396.20532,80.11084,35.59662
1985,9,2.8949131e-08,historical,1.6482662e-08,8.753197e-09,1.2466469e-08,6.0271854e-09,2.858803,130.4437,16.987862,317.45728,383.55322,61.155823,13.8654175
1985,10,1.7639554e-08,historical,8.7571435e-09,1.581518e-08,8.882411e-09,-8.206655e-09,2.64663,65.88183,9.181511,314.20044,366.40686,47.47162,4.264038
1985,11,3.593175e-09,historical,1.1443354e-09,1.9335175e-08,2.4488396e-09,-1.8751495e-08,1.9106684,20.585274,3.4998875,299.4248,335.5611,46.516846,21.37909
1985,12,1.8828963e-09,historical,-3.463195e-10,2.0340995e-08,2.2292157e-09,-2.11618e-08,1.713176,13.151479,3.3717718,296.95068,328.98505,23.76355,-16.19403
1986,1,2.8195108e-09,historical,3.0513306e-10,1.9762439e-08,2.5143776e-09,-1.9922174e-08,1.6142191,18.696947,2.9801226,299.5171,329.05438,16.77887,-16.315796
1986,2,4.9573576e-09,historical,2.0139983e-09,1.7525613e-08,2.9433593e-09,-1.6005808e-08,1.5447181,44.666397,6.873497,294.87646,327.92755,21.057312,-9.071472
1986,3,1.1787973e-08,historical,6.6408776e-09,1.8730445e-08,5.147095e-09,-1.2846692e-08,1.5906196,94.13901,12.418976,287.04834,334.42297,25.897156,-2.0526733
1986,4,2.4933309e-08,historical,1.559058e-08,2.1780078e-08,9.34273e-09,-7.510788e-09,1.7768929,133.69794,16.389618,308.02295,344.8836,33.113464,11.79834
1986,5,5.19642e-08,historical,3.4016765e-08,8.4862375e-09,1.7947437e-08,2.2611493e-08,2.3470063,228.87672,28.347092,291.22314,362.13623,47.1958,26.63269
1986,6,8.071917e-08,historical,5.2233187e-08,1.656699e-08,2.8485982e-08,3.1012277e-08,2.9416862,234.20209,28.578964,316.88867,378.09906,66.765686,24.650757
1986,7,8.906778e-08,historical,5.3100173e-08,1.8765572e-08,3.5967606e-08,2.8888788e-08,3.1096551,250.52568,30.878403,331.75073,397.11505,77.04382,24.342773
1986,8,5.96277e-08,historical,3.2684866e-08,1.0975029e-08,2.6942836e-08,1.8116884e-08,3.1105375,220.66583,27.82991,324.89893,402.34735,86.12573,22.748352
1986,9,4.940365e-08,historical,2.5985031e-08,1.0762175e-08,2.3418618e-08,1.21324275e-08,3.0770025,141.52788,18.778519,322.84424,388.97345,57.75586,11.485474
1986,10,2.0481039e-08,historical,1.0580856e-08,7.354989e-09,9.900182e-09,1.8214441e-09,2.878802,67.89947,9.70993,311.82886,368.53088,56.38037,11.52417
1986,11,7.108327e-09,historical,2.463663e-09,1.4579789e-08,4.6446638e-09,-1.285285e-08,2.3016143,24.562677,3.644558,307.4756,347.7517,34.895996,0.013427734
1986,12,3.2281442e-09,historical,-3.6892597e-11,2.284127e-08,3.265037e-09,-2.3431014e-08,1.9082596,11.707413,2.139021,308.72607,339.03815,34.198303,-14.453308
1987,1,2.9729266e-09,historical,7.67041e-11,2.116981e-08,2.8962224e-09,-2.1591392e-08,1.788744,16.106936,2.7692423,302.65332,333.4798,30.850037,-14.364563
1987,2,3.9461616e-09,historical,1.4890381e-09,1.7619836e-08,2.4571236e-09,-1.6633848e-08,1.6190398,44.691444,7.01717,285.45264,324.80524,25.965271,-2.6611938
1987,3,5.5196927e-09,historical,3.0065221e-09,1.5187922e-08,2.5131703e-09,-1.2670458e-08,1.5512632,99.52415,15.704308,267.81494,318.98102,25.420044,19.865662
1987,4,2.085941e-08,historical,1.3059349e-08,1.8510022e-08,7.800061e-09,-6.680075e-09,1.6595724,153.63257,19.254578,292.05615,337.622,27.75299,16.070984
1987,5,4.8540826e-08,historical,3.148386e-08,1.9258282e-08,1.7056967e-08,9.437685e-09,2.230954,207.87643,25.300781,306.0166,356.94727,43.79834,23.68274
1987,6,8.2331695e-08,historical,5.3184863e-08,1.7588373e-08,2.9146836e-08,3.0842966e-08,2.9029741,241.6063,29.780228,314.98535,377.1306,64.932434,25.456055
1987,7,7.819987e-08,historical,4.490927e-08,1.8065577e-08,3.32906e-08,2.2218126e-08,3.0840886,240.33531,29.625778,343.70093,401.2583,68.524475,18.329529
1987,8,7.1852426e-08,historical,4.038735e-08,2.3438002e-08,3.1465078e-08,1.2537309e-08,3.1132064,173.04797,21.684479,328.58252,390.26617,79.49774,17.680054
1987,9,4.744169e-08,historical,2.6561052e-08,2.9161425e-08,2.088064e-08,-5.493921e-09,3.0815387,113.385635,14.786713,323.61914,379.20532,73.62427,7.5689697
1987,10,2.7819732e-08,historical,1.502156e-08,2.0161334e-08,1.2798171e-08,-6.8870185e-09,2.8771532,77.40066,11.294647,302.8152,361.11963,51.28253,1.9160767
1987,11,6.491051e-09,historical,2.5716935e-09,1.8944656e-08,3.9193577e-09,-1.7148794e-08,2.0251803,30.767311,4.9200764,291.4165,338.98755,29.778381,2.37854
1987,12,2.311192e-09,historical,-1.3766485e-10,1.6092226e-08,2.448857e-09,-1.6784107e-08,1.8427498,15.587208,3.4976969,289.97095,329.81927,29.26062,-14.926025
1988,1,3.2445304e-09,historical,2.3151657e-10,2.0001147e-08,3.0130138e-09,-2.0307573e-08,1.7768766,17.093807,2.7318077,308.80396,333.3744,25.837585,-23.360535
1988,2,5.646454e-09,historical,2.691128e-09,1.616514e-08,2.9553258e-09,-1.4054349e-08,1.6437852,57.70315,8.702057,271.18726,324.17065,15.197449,-2.2488403
1988,3,1.12355485e-08,historical,6.497811e-09,1.6972798e-08,4.7377364e-09,-1.1287466e-08,1.6422814,104.905815,14.228661,280.17578,330.35895,32.03418,4.8573
1988,4,2.4543727e-08,historical,1.5311771e-08,1.9257344e-08,9.231956e-09,-5.450025e-09,1.7897878,152.63779,19.18396,298.95728,342.5196,36.67816,11.19812
1988,5,5.5443124e-08,historical,3.6318383e-08,1.2551408e-08,1.912474e-08,2.0585382e-08,2.4129863,224.41635,27.745285,300.39502,360.03058,51.019165,26.531372
1988,6,7.255491e-08,historical,4.6634916e-08,7.524799e-09,2.5919997e-08,3.498e-08,2.917542,233.65717,28.93718,317.39966,378.2049,64.15546,28.926636
1988,7,6.7927616e-08,historical,4.1927258e-08,1.0180255e-08,2.600036e-08,2.7889126e-08,3.066408,270.2284,33.47528,320.47827,397.737,70.049866,33.727905
1988,8,5.104625e-08,historical,2.850746e-08,1.0175917e-08,2.253879e-08,1.5400163e-08,3.0616014,193.01064,24.27353,330.60303,398.0133,69.93146,22.009521
1988,9,3.44343e-08,historical,1.7814662e-08,9.569826e-09,1.6619637e-08,6.2370686e-09,3.016368,121.32126,15.752243,336.1377,390.41785,61.077515,12.501709
1988,10,1.9772234e-08,historical,1.0116045e-08,8.111918e-09,9.656188e-09,7.1802325e-10,2.7500994,69.59992,9.77565,310.92456,367.0551,69.425415,8.093018
1988,11,4.2421604e-09,historical,1.4725193e-09,8.9978025e-09,2.7696412e-09,-8.173149e-09,1.9321104,23.291744,3.6492062,297.45996,338.7301,39.699585,9.8932495
1988,12,1.5341125e-09,historical,-1.8914009e-10,1.9134209e-08,1.7232527e-09,-1.9805052e-08,1.7721537,16.469736,3.6472254,270.5515,321.87903,23.153992,4.7070312
1989,1,2.0367017e-09,historical,2.013066e-10,1.3764491e-08,1.8353951e-09,-1.4020651e-08,1.6908712,19.073359,3.876463,293.5869,319.09717,9.187256,-11.214844
1989,2,4.7222164e-09,historical,1.995331e-09,1.7463417e-08,2.7268856e-09,-1.5968084e-08,1.5812845,49.500732,9.424,286.93433,322.9024,13.818176,-2.359497
1989,3,9.05537e-09,historical,5.0466262e-09,1.6364643e-08,4.0087444e-09,-1.1945363e-08,1.5576613,96.690125,16.944214,283.55957,325.11823,21.858276,5.9399414
1989,4,3.8417706e-08,historical,2.4615643e-08,1.892017e-08,1.3802064e-08,3.847696e-09,2.0591264,174.9343,21.539642,298.40918,348.2854,30.850647,10.883057
1989,5,5.466386e-08,historical,3.5618484e-08,6.4566685e-09,1.9045377e-08,2.6211637e-08,2.441205,232.48674,28.601807,298.19482,362.58893,46.928955,30.30774
1989,6,6.944709e-08,historical,4.202079e-08,1.0813705e-08,2.7426303e-08,2.7467362e-08,2.9413438,285.98276,35.017197,316.01636,393.94507,62.339783,35.53784
1989,7,6.40175e-08,historical,3.491629e-08,1.2904286e-08,2.9101207e-08,1.838607e-08,3.0645535,271.9556,33.496216,331.08813,407.97583,77.23895,32.192566
1989,8,5.1862745e-08,historical,2.7877864e-08,1.193546e-08,2.3984882e-08,1.29288e-08,3.0605628,212.87157,26.715775,331.65332,405.6194,80.71002,23.418457
1989,9,3.885986e-08,historical,2.063199e-08,9.744559e-09,1.8227873e-08,8.507065e-09,3.041711,130.68788,17.106056,324.7666,390.1657,75.19458,13.54248
1989,10,2.2067683e-08,historical,1.0621971e-08,8.221616e-09,1.1445712e-08,9.687661e-10,2.9738955,68.84198,9.725834,317.5879,374.75146,47.67395,3.9938965
1989,11,7.964666e-09,historical,3.1313465e-09,9.454663e-09,4.8333195e-09,-7.056903e-09,2.5010023,30.89735,4.8948116,297.68628,349.71448,37.149536,-2.454773
1989,12,2.7043963e-09,historical,1.305001e-10,1.7324718e-08,2.573896e-09,-1.7718861e-08,1.8502288,13.31724,2.1243725,301.9253,335.63904,19.10022,-2.4667358
1990,1,5.2551288e-09,historical,1.1461407e-09,2.3376817e-08,4.1089887e-09,-2.2764533e-08,1.9590329,18.883492,2.9655628,312.6294,338.12207,13.773376,-14.507751
1990,2,7.2373405e-09,historical,3.4282832e-09,1.6854585e-08,3.8090575e-09,-1.4025952e-08,1.685228,48.29124,6.9050255,285.84814,331.5562,25.38379,-6.7244263
1990,3,1.33036275e-08,historical,7.3824675e-09,1.9033818e-08,5.92116e-09,-1.24647e-08,1.730468,83.048,10.826744,298.3518,335.6468,20.435242,4.4678955
1990,4,2.5476174e-08,historical,1.6084218e-08,1.3499695e-08,9.391954e-09,1.0627469e-09,1.813012,157.58145,19.637146,293.61914,345.53174,38.855347,17.08014
1990,5,5.9192054e-08,historical,3.8562916e-08,1.091885e-08,2.0629138e-08,2.4484336e-08,2.567422,211.35117,25.89952,305.06396,364.66638,49.271606,22.403076
1990,6,7.530761e-08,historical,4.5763134e-08,9.714706e-09,2.9544482e-08,3.183642e-08,2.9959314,282.33707,34.570877,318.71753,391.7024,64.17206,31.210266
1990,7,5.0200153e-08,historical,2.8659212e-08,1.2227131e-08,2.1540943e-08,1.3675033e-08,3.0507388,295.37564,36.578094,317.90796,409.7719,66.63739,48.497375
1990,8,4.7052257e-08,historical,2.4841638e-08,1.2419834e-08,2.221062e-08,9.685849e-09,3.032269,184.18051,23.046722,333.1311,404.05774,75.44507,20.335754
1990,9,3.8306933e-08,historical,2.0426603e-08,9.538727e-09,1.7880332e-08,8.525757e-09,3.0247257,129.26794,16.99746,321.32544,388.24664,71.6228,12.0060425
1990,10,1.9326292e-08,historical,9.375292e-09,1.1038802e-08,9.951001e-09,-2.9630474e-09,2.8711894,58.20889,7.9671745,320.6338,370.28406,49.39868,10.064514
1990,11,5.726863e-09,historical,2.0995543e-09,1.9524816e-08,3.627309e-09,-1.8077218e-08,2.061893,27.43173,5.9775505,293.68652,339.12158,39.124756,12.369385
1990,12,2.868329e-09,historical,-1.6780089e-12,2.159866e-08,2.8700071e-09,-2.2134678e-08,1.7927312,13.99994,2.3854952,305.44507,335.88116,19.233337,-13.102539
1991,1,2.825832e-09,historical,2.1654514e-10,2.0608773e-08,2.6092868e-09,-2.0875426e-08,1.6749183,20.080036,3.0600739,297.1245,330.97736,22.771301,-9.262817
1991,2,3.6498737e-09,historical,1.5116878e-09,1.5566753e-08,2.1381859e-09,-1.4510489e-08,1.5807941,46.797115,8.540249,284.88916,320.7516,16.710754,-1.1003418
1991,3,1.1901591e-08,historical,6.471613e-09,2.1029864e-08,5.429978e-09,-1.526834e-08,1.6372263,76.48809,9.64045,308.84473,335.97284,25.307068,-8.105896
1991,4,2.75743e-08,historical,1.7494095e-08,2.2627317e-08,1.0080205e-08,-6.56926e-09,1.9124905,154.99017,19.27716,295.00293,345.45764,37.329346,12.469666
1991,5,6.53028e-08,historical,4.1221824e-08,1.97895e-08,2.4080977e-08,1.8108526e-08,2.5263174,218.54842,26.408325,321.12402,371.85388,48.323303,19.104797
1991,6,8.119903e-08,historical,5.0756437e-08,1.0163023e-08,3.0442596e-08,3.60461e-08,3.0078883,268.78107,32.894623,322.16504,391.75482,71.64014,26.407959
1991,7,5.699307e-08,historical,3.2632325e-08,1.2697647e-08,2.4360746e-08,1.6875338e-08,3.072203,258.53195,31.832657,336.59473,415.8341,71.96588,31.91095
1991,8,6.7731904e-08,historical,3.6635164e-08,1.6086679e-08,3.1096743e-08,1.6667473e-08,3.0905209,188.44876,23.50354,341.0857,404.32318,81.27667,16.136475
1991,9,4.4784347e-08,historical,2.4018783e-08,1.0806011e-08,2.0765562e-08,1.05151585e-08,3.0711594,117.74372,15.40583,324.54736,385.6728,71.9541,13.229736
1991,10,2.7309085e-08,historical,1.3218657e-08,8.188932e-09,1.40904275e-08,3.3500884e-09,3.0079746,75.20663,10.757492,312.98535,375.4525,36.11371,-0.57232666
1991,11,9.250323e-09,historical,2.9792302e-09,2.2198336e-08,6.271093e-09,-1.9990072e-08,2.5696728,23.353151,3.3861198,314.9077,353.61365,40.808533,-0.6189575
1991,12,3.5235592e-09,historical,1.8902732e-10,2.0439543e-08,3.3345322e-09,-2.082154e-08,1.8651853,13.219275,1.9714861,306.67773,341.74268,32.368958,-8.533752
1992,1,3.569425e-09,historical,3.054251e-10,2.0951767e-08,3.264e-09,-2.1176197e-08,1.723073,16.2667,2.9167967,309.92822,337.06958,31.4458,-18.025513
1992,2,5.8298033e-09,historical,2.4428186e-09,1.9941801e-08,3.386985e-09,-1.8083137e-08,1.6622993,44.352097,6.5049095,299.15308,332.02228,23.169983,-3.9656372
1992,3,8.982602e-09,historical,5.009821e-09,1.4319089e-08,3.972781e-09,-9.994935e-09,1.6192174,87.50917,12.155624,289.40552,329.66223,24.387817,15.706665
1992,4,2.5246464e-08,historical,1.579947e-08,1.45376315e-08,9.446993e-09,-1.4849325e-10,1.7559148,150.8454,18.669174,297.89355,343.49817,33.803284,13.557495
1992,5,4.143589e-08,historical,2.7077428e-08,5.918837e-09,1.4358464e-08,1.8652976e-08,2.2060509,208.00717,25.42067,296.95898,356.14917,51.39392,28.483948
1992,6,7.056098e-08,historical,4.5206406e-08,8.335903e-09,2.535457e-08,3.3094476e-08,2.8684266,255.11859,30.93959,317.51758,381.81683,64.022095,31.914185
1992,7,6.54518e-08,historical,3.9047677e-08,1.0571628e-08,2.6404125e-08,2.4818203e-08,3.0462236,242.76302,29.88115,321.57324,391.22778,73.177795,32.679016
1992,8,5.644409e-08,historical,3.0854466e-08,9.475366e-09,2.5589625e-08,1.8063647e-08,3.0779393,177.8162,22.250076,329.2727,388.07544,70.43689,21.259033
1992,9,4.528681e-08,historical,2.4148472e-08,1.8353322e-08,2.1138337e-08,3.0766711e-09,3.047286,118.67658,15.357468,324.969,383.44556,54.831604,9.972229
1992,10,2.0877737e-08,historical,1.0196397e-08,1.4326621e-08,1.0681339e-08,-5.475532e-09,2.9428725,53.291492,7.0843353,325.94678,365.7766,41.764404,8.856506
1992,11,7.631829e-09,historical,2.7435865e-09,1.8785292e-08,4.888243e-09,-1.6741373e-08,2.2834954,27.042871,4.1109905,301.89185,344.8955,37.36499,-2.545288
1992,12,4.0234385e-09,historical,1.4470522e-10,2.4562118e-08,3.8787333e-09,-2.4958814e-08,1.8929428,10.621762,1.4569674,317.261,342.09686,28.089478,-12.640869
1993,1,3.5228287e-09,historical,4.3995063e-10,2.1563842e-08,3.082878e-09,-2.1639417e-08,1.7007838,19.023125,3.113224,300.85327,335.51788,21.380371,-13.844727
1993,2,6.544958e-09,historical,2.8650862e-09,1.9243425e-08,3.6798717e-09,-1.6967006e-08,1.6303222,51.737705,7.5952797,290.2234,332.63556,24.539368,-10.7977295
1993,3,1.0955405e-08,historical,6.1882726e-09,1.8032946e-08,4.7671316e-09,-1.2600415e-08,1.6186084,94.624596,12.320709,286.04272,332.78418,30.466309,6.9578247
1993,4,2.8965637e-08,historical,1.8449237e-08,1.9904078e-08,1.0516399e-08,-3.0572742e-09,1.7934884,163.95845,20.395615,295.4182,344.34796,33.161255,17.044312
1993,5,5.3691107e-08,historical,3.4871274e-08,7.514663e-09,1.881983e-08,2.4277153e-08,2.3792303,245.57275,30.131485,294.24463,363.53632,52.987,30.155457
1993,6,6.4139606e-08,historical,3.955434e-08,1.01886934e-08,2.4585265e-08,2.6130982e-08,2.9405332,299.06418,36.44406,317.0288,399.49817,59.442566,39.038208
1993,7,5.389817e-08,historical,3.3534945e-08,9.758727e-09,2.0363226e-08,2.1042533e-08,3.0250053,239.84175,29.51825,322.54248,396.78522,78.298645,36.17389
1993,8,4.2523105e-08,historical,2.4305642e-08,1.2100859e-08,1.8217463e-08,9.965037e-09,3.027318,220.29388,27.48114,329.6853,409.37305,73.16406,27.927551
1993,9,2.988667e-08,historical,1.7056598e-08,8.738522e-09,1.2830072e-08,6.613711e-09,2.9784997,115.89011,14.7769165,322.4807,382.04346,81.440186,15.905884
1993,10,1.9277715e-08,historical,9.995568e-09,1.5322312e-08,9.282148e-09,-6.5016073e-09,2.8098679,59.185913,8.076065,312.79004,360.7743,47.955505,3.0915527
1993,11,8.9170955e-09,historical,3.2890497e-09,2.577851e-08,5.628046e-09,-2.320724e-08,2.2231185,24.956766,3.6522121,310.5896,348.36847,27.462585,-1.3925171
1993,12,2.5962226e-09,historical,5.2411228e-11,1.8692797e-08,2.5438116e-09,-1.9140979e-08,1.7561405,12.190954,1.8699512,304.48364,334.55847,22.759155,3.522461
1994,1,2.1699378e-09,historical,5.3414894e-11,1.760553e-08,2.116523e-09,-1.7994166e-08,1.6480021,13.905288,2.1964998,306.14185,326.87305,16.725952,-1.427063
1994,2,5.5699365e-09,historical,2.3866913e-09,1.7952438e-08,3.1832454e-09,-1.6079017e-08,1.5760417,48.40638,7.0601234,289.99634,328.10034,21.332214,-8.9071045
1994,3,1.3051192e-08,historical,7.3557174e-09,1.8132226e-08,5.695475e-09,-1.1570909e-08,1.5890783,94.32834,12.244438,294.95898,336.1223,23.40387,-0.51123047
1994,4,3.4083797e-08,historical,2.1622023e-08,1.2033399e-08,1.246177e-08,7.840882e-09,2.0439887,152.53508,18.811966,301.3252,350.50806,31.137024,13.6171875
1994,5,7.078414e-08,historical,4.5228752e-08,2.8833442e-08,2.5555385e-08,1.2678606e-08,2.6661868,206.0715,25.10469,317.99243,371.5511,45.64856,16.748657
1994,6,9.0163724e-08,historical,5.65778e-08,1.4465143e-08,3.3585927e-08,3.7028926e-08,3.0643864,238.49863,29.142365,330.91602,389.41565,65.47351,24.506042
1994,7,7.614867e-08,historical,4.3593737e-08,1.2932975e-08,3.255494e-08,2.634784e-08,3.1325705,263.0349,32.398376,335.30054,411.48047,73.6969,25.96997
1994,8,6.313343e-08,historical,3.4261678e-08,1.3274744e-08,2.8871746e-08,1.7364878e-08,3.1290143,220.91441,27.753082,327.54126,407.58075,88.051575,27.89038
1994,9,3.7744016e-08,historical,2.004465e-08,9.804866e-09,1.7699366e-08,8.047954e-09,3.071669,135.58292,17.772621,321.80518,391.48285,78.63745,20.94867
1994,10,1.849356e-08,historical,9.825661e-09,7.188869e-09,8.6678975e-09,1.4118992e-09,2.9273663,72.671936,10.38213,306.15015,365.79602,41.901306,7.364197
1994,11,7.209167e-09,historical,2.7912597e-09,1.516529e-08,4.417907e-09,-1.3064589e-08,2.2637029,30.32046,4.685074,302.72852,347.4594,36.53076,-3.6611328
1994,12,2.4101765e-09,historical,8.687016e-11,1.9813271e-08,2.3233064e-09,-2.0243906e-08,1.7912658,13.708743,2.2573652,299.22827,333.42908,25.673157,1.7835083
1995,1,1.8775255e-09,historical,2.5303465e-10,1.3752517e-08,1.6244908e-09,-1.3941077e-08,1.678361,25.15904,5.546921,271.0647,319.39813,20.131714,0.23773193
1995,2,2.6341722e-09,historical,1.0174328e-09,1.5188983e-08,1.6167393e-09,-1.45782435e-08,1.5788094,47.767723,8.691647,275.7046,315.6964,17.326416,4.145691
1995,3,1.0683192e-08,historical,5.980025e-09,1.6687679e-08,4.7031667e-09,-1.1382844e-08,1.5566447,98.15679,12.856705,293.0498,329.18256,18.162476,2.8099365
1995,4,3.9424474e-08,historical,2.5347044e-08,8.476386e-09,1.4077432e-08,1.5130764e-08,2.1332235,177.03406,21.933395,291.61963,349.4494,33.95343,13.558533
1995,5,4.5367162e-08,historical,2.8813293e-08,9.409141e-09,1.655387e-08,1.6764327e-08,2.2522647,209.68303,25.623627,309.64722,363.98273,45.75055,24.366943
1995,6,6.32981e-08,historical,3.8566192e-08,1.0007396e-08,2.4731913e-08,2.5206962e-08,2.889662,258.54877,31.422653,326.3291,391.04382,60.08905,26.300842
1995,7,6.619113e-08,historical,3.6650757e-08,1.4637242e-08,2.9540372e-08,1.8270779e-08,3.063044,241.56854,29.38263,330.29565,398.61438,82.081055,28.498352
1995,8,5.937992e-08,historical,3.2608504e-08,1.12236975e-08,2.6771417e-08,1.7893463e-08,3.1057465,204.24257,25.52658,328.46265,399.41705,72.000854,24.614685
1995,9,3.0002692e-08,historical,1.6621927e-08,9.211181e-09,1.3380764e-08,5.5805716e-09,3.0509348,122.53112,15.861916,321.49268,384.4928,68.62402,15.502197
1995,10,1.9724952e-08,historical,9.564002e-09,1.4161486e-08,1.016095e-08,-5.844715e-09,2.9231188,60.553745,8.433384,318.66675,369.651,43.899902,0.6113281
1995,11,7.610835e-09,historical,2.8817748e-09,5.853447e-09,4.72906e-09,-3.638318e-09,2.3306024,28.938997,4.390169,305.08325,347.98267,34.9588,4.8479614
1995,12,1.7676125e-09,historical,1.2148084e-10,9.997818e-09,1.6461317e-09,-1.0357342e-08,1.775005,14.010137,2.4979973,294.04907,329.3412,22.521301,3.0872192
1996,1,2.3888977e-09,historical,3.4742992e-10,1.817775e-08,2.0414677e-09,-1.8284553e-08,1.6665329,19.175161,3.119629,296.09204,326.4364,15.4071045,-7.560486
1996,2,5.6670033e-09,historical,2.1934858e-09,2.2770456e-08,3.4735175e-09,-2.1106272e-08,1.6320679,37.999012,5.154854,307.4663,332.42548,17.852417,-8.401855
1996,3,1.3217689e-08,historical,7.612836e-09,2.0091006e-08,5.604854e-09,-1.3208382e-08,1.6419002,99.89297,13.054878,290.94385,334.04633,29.001953,3.1610107
1996,4,2.4302638e-08,historical,1.5315644e-08,1.5596616e-08,8.986993e-09,-1.738784e-09,1.7124537,169.92905,21.301254,286.45044,343.13123,34.727356,19.843689
1996,5,5.9603437e-08,historical,3.8065664e-08,2.0632422e-08,2.1537772e-08,1.4206317e-08,2.4377775,219.45277,26.614044,313.55884,366.86707,50.30017,19.45697
1996,6,7.417421e-08,historical,4.6103448e-08,1.0211446e-08,2.8070758e-08,3.1937972e-08,2.995141,281.79373,34.39955,319.39673,394.68665,65.03406,31.623718
1996,7,5.421102e-08,historical,3.092591e-08,1.2178575e-08,2.3285113e-08,1.5936907e-08,3.066394,271.478,33.26152,327.79907,409.00745,75.23645,38.780518
1996,8,5.1782727e-08,historical,2.7337554e-08,1.7978627e-08,2.4445171e-08,6.5180816e-09,3.0629606,172.32265,21.513153,339.68457,403.0594,71.54791,18.958008
1996,9,4.4113925e-08,historical,2.3853437e-08,1.016773e-08,2.0260492e-08,1.1188631e-08,3.0607255,145.43637,18.938545,323.2544,394.2174,75.05914,14.544495
1996,10,2.001917e-08,historical,1.0284531e-08,1.9194442e-08,9.73464e-09,-1.01821e-08,2.8388913,59.165005,8.115135,317.20093,366.86243,55.071106,9.066345
1996,11,8.1373495e-09,historical,2.9182188e-09,2.5158275e-08,5.219131e-09,-2.2918396e-08,2.140686,28.21002,4.341511,301.13208,346.2071,37.182556,-2.967163
1996,12,1.46217e-09,historical,-2.941226e-11,1.5593379e-08,1.4915823e-09,-1.6094075e-08,1.7881385,14.421957,3.3600693,287.1521,324.27026,34.43402,16.815918
1997,1,1.5639291e-09,historical,-1.6324093e-11,1.639111e-08,1.5802532e-09,-1.6831677e-08,1.6730994,15.486251,3.6355,299.26953,319.40125,15.31665,7.0612183
1997,2,3.5322518e-09,historical,1.37232e-09,1.41880285e-08,2.159932e-09,-1.3244505e-08,1.5811669,52.978344,9.284336,281.21802,317.58362,13.565491,2.8011475
1997,3,8.3530285e-09,historical,4.848672e-09,1.2001274e-08,3.5043564e-09,-7.693221e-09,1.5665591,118.69046,16.112854,261.99536,320.1665,21.434814,9.978577
1997,4,3.196977e-08,historical,2.0346913e-08,1.5537415e-08,1.1622858e-08,3.2300849e-09,1.8870509,175.95836,21.516846,296.6604,344.81268,32.0907,14.798523
1997,5,7.116344e-08,historical,4.5987154e-08,1.5024257e-08,2.5176286e-08,2.754783e-08,2.7286367,233.24832,28.424683,308.63892,368.4914,50.089783,24.754333
1997,6,8.729853e-08,historical,5.3318225e-08,1.42123815e-08,3.3980307e-08,3.444399e-08,3.05385,244.03288,29.550385,339.59424,392.8664,68.315674,23.149292
1997,7,7.830955e-08,historical,4.323509e-08,1.1122702e-08,3.507446e-08,2.7786895e-08,3.1361609,259.43277,31.774292,331.6328,402.2442,83.30182,28.627563
1997,8,6.099597e-08,historical,3.2431924e-08,1.1190017e-08,2.8564052e-08,1.7826912e-08,3.128795,196.94304,24.527863,334.01782,401.9724,75.71747,19.844055
1997,9,3.788222e-08,historical,2.014941e-08,9.800723e-09,1.7732813e-08,8.1961655e-09,3.08127,131.83133,17.248795,323.28198,388.90674,72.10785,17.66034
1997,10,2.1386109e-08,historical,1.0318826e-08,8.882128e-09,1.1067285e-08,1.417917e-10,2.974599,67.36701,9.391666,321.49536,372.0957,39.944458,3.8024292
1997,11,1.0732072e-08,historical,3.327356e-09,1.6838083e-08,7.4047155e-09,-1.424546e-08,2.689576,28.792854,4.42284,310.53223,357.0125,36.138245,-6.3394775
1997,12,2.8095375e-09,historical,3.4058353e-10,1.9570425e-08,2.468954e-09,-1.9733495e-08,1.8001035,16.91213,2.8254805,289.21948,333.91534,33.1886,-3.52948
1998,1,2.5511986e-09,historical,1.3674642e-10,2.057449e-08,2.4144524e-09,-2.0896207e-08,1.6900223,17.294369,2.7146006,298.34155,329.2212,26.665405,-5.126709
1998,2,1.9785165e-09,historical,6.6932276e-10,1.5858806e-08,1.3091938e-09,-1.5568581e-08,1.5888113,46.423317,12.872639,270.52417,311.4406,24.697876,13.071655
1998,3,8.191728e-09,historical,4.659903e-09,1.542928e-08,3.5318248e-09,-1.13017995e-08,1.5273677,109.89707,21.464073,273.9109,320.1839,15.073914,4.447754
1998,4,3.8059866e-08,historical,2.4433954e-08,1.3504774e-08,1.362591e-08,9.2457375e-09,2.013732,180.6884,22.109085,295.40576,347.09247,29.224792,15.958618
1998,5,4.635646e-08,historical,2.9708284e-08,1.7674896e-08,1.6648173e-08,9.389931e-09,2.180043,194.9008,23.552261,310.72852,356.46985,46.76001,20.536621
1998,6,8.188178e-08,historical,5.1803898e-08,1.267451e-08,3.007788e-08,3.4753178e-08,2.9372745,242.61949,29.558884,321.60132,382.01013,64.96838,25.22931
1998,7,7.741776e-08,historical,4.450096e-08,1.1692912e-08,3.2916795e-08,2.8549152e-08,3.1230597,244.60968,29.987076,323.40576,391.261,76.7829,32.877808
1998,8,6.3123736e-08,historical,3.349847e-08,1.1357276e-08,2.9625266e-08,1.8654344e-08,3.1307867,208.32208,25.848007,334.00854,402.11548,67.716,21.781189
1998,9,3.7424886e-08,historical,2.0544826e-08,9.694547e-09,1.688006e-08,8.737994e-09,3.0886855,134.83401,17.439468,320.59717,387.30774,75.346375,16.050598
1998,10,2.3111673e-08,historical,1.1762246e-08,1.257859e-08,1.13494245e-08,-2.1990496e-09,2.89096,64.07927,8.933735,312.9319,367.07727,42.72046,4.440857
1998,11,7.2389583e-09,historical,2.5660676e-09,2.0888045e-08,4.672891e-09,-1.9012003e-08,2.1437156,27.200485,4.2988853,301.8523,346.83923,35.120728,-2.4000244
1998,12,1.6626241e-09,historical,1.7038528e-10,1.1646863e-08,1.4922389e-09,-1.19477415e-08,1.797237,16.595684,3.5926208,275.4275,322.50665,32.364563,10.232361
1999,1,9.346304e-10,historical,5.5061816e-11,5.3029554e-09,8.795686e-10,-5.6413e-09,1.6773171,22.733173,8.326077,268.91748,306.54022,19.289246,4.2072144
1999,2,5.825535e-09,historical,2.4219566e-09,1.580007e-08,3.4035788e-09,-1.3872027e-08,1.6482236,36.01806,7.891491,308.10815,321.35648,7.8832397,-18.424377
1999,3,4.270824e-09,historical,2.2480968e-09,1.6166107e-08,2.0227273e-09,-1.4309688e-08,1.5320846,94.96784,14.824669,265.0327,315.00232,26.895142,22.623657
1999,4,2.1165075e-08,historical,1.3352132e-08,1.3900417e-08,7.812942e-09,-1.6358408e-09,1.6111053,172.62201,21.63832,282.3086,335.25922,25.722229,21.834412
1999,5,5.3969774e-08,historical,3.4859305e-08,9.199132e-09,1.9110473e-08,2.3173982e-08,2.4419212,205.25507,24.641235,311.0149,360.47473,40.033264,21.46045
1999,6,8.0890956e-08,historical,4.927676e-08,1.1628636e-08,3.1614192e-08,3.3643044e-08,2.9971755,274.22717,33.19214,321.4436,389.4781,55.608948,27.502441
1999,7,6.371411e-08,historical,3.494409e-08,1.2361213e-08,2.8770026e-08,1.9291942e-08,3.1064966,247.97653,29.976105,340.9148,406.3653,73.04718,31.569275
1999,8,5.8330027e-08,historical,3.1407804e-08,1.1270827e-08,2.6922223e-08,1.6939605e-08,3.119322,208.35191,25.893768,328.20898,401.34375,77.36047,25.314148
1999,9,3.6916173e-08,historical,1.9848576e-08,1.1912107e-08,1.7067597e-08,5.8400533e-09,3.082305,122.92291,15.861122,324.05005,383.69543,77.55316,13.371887
1999,10,2.1882911e-08,historical,1.0661156e-08,2.4234541e-08,1.1221755e-08,-1.4845877e-08,2.9008646,58.091076,8.080116,314.86694,366.03333,44.45758,8.35498
1999,11,8.593214e-09,historical,3.1224663e-09,2.5572202e-08,5.470748e-09,-2.312418e-08,2.385882,23.950943,3.8405209,305.20435,346.46503,36.53424,2.9543457
1999,12,3.1116614e-09,historical,5.5496746e-11,2.1305846e-08,3.0561644e-09,-2.172749e-08,1.906262,12.098194,2.3941536,307.82788,333.60327,22.912476,-6.0405273
2000,1,2.623932e-09,historical,2.5336094e-10,1.6038916e-08,2.3705709e-09,-1.6220234e-08,1.725357,17.402037,2.8672056,290.406,325.92285,30.106567,-2.47406
2000,2,7.608992e-09,historical,3.3895036e-09,2.0766034e-08,4.2194883e-09,-1.7966043e-08,1.6487603,48.500095,6.9046097,299.64502,333.40985,11.973389,-8.534302
2000,3,1.1969569e-08,historical,6.7360943e-09,1.9371091e-08,5.2334745e-09,-1.3370931e-08,1.6473881,92.41374,12.528725,294.4248,333.17645,25.7193,5.194641
2000,4,2.9118075e-08,historical,1.8155182e-08,2.2704112e-08,1.0962891e-08,-6.0743175e-09,1.9249072,148.67801,18.099472,307.3352,348.71497,38.929443,10.770142
2000,5,7.050242e-08,historical,4.5405898e-08,1.6868944e-08,2.5096526e-08,2.5070529e-08,2.5750008,233.7438,28.243408,311.65283,370.60864,50.364563,21.391785
2000,6,7.348395e-08,historical,4.7657913e-08,8.272866e-09,2.5826035e-08,3.562851e-08,3.0313737,258.05743,31.530548,307.88452,382.03583,72.683716,35.812622
2000,7,6.351823e-08,historical,3.8797584e-08,1.0991015e-08,2.4720649e-08,2.4663164e-08,3.1093767,259.14523,31.552963,331.78198,402.03394,67.17395,35.054504
2000,8,4.176227e-08,historical,2.3909863e-08,1.2612657e-08,1.785241e-08,9.308126e-09,3.076684,211.41412,26.221634,338.16016,410.44507,65.83447,31.453247
2000,9,3.419641e-08,historical,1.7677138e-08,1.0593965e-08,1.6519271e-08,5.341982e-09,3.0328197,119.37327,15.311203,339.71777,396.58398,68.73895,9.317749
2000,10,2.2135437e-08,historical,1.1759074e-08,1.214791e-08,1.0376363e-08,-1.6510235e-09,2.8207297,71.143555,9.981071,304.98315,367.37793,70.08923,9.184021
2000,11,6.9307617e-09,historical,2.3871765e-09,1.9576337e-08,4.5435855e-09,-1.7815905e-08,2.0947816,27.155033,4.186079,298.16504,345.44757,35.736206,1.2338867
2000,12,1.9858228e-09,historical,-7.902486e-11,1.4894424e-08,2.0648476e-09,-1.54174e-08,1.7873284,13.2868595,2.2456417,292.0935,328.41718,26.24884,5.114563
2001,1,3.0628744e-09,historical,4.889174e-10,1.5271189e-08,2.573957e-09,-1.5225897e-08,1.7047095,24.628298,3.8916492,286.93408,327.88892,18.167969,-14.182495
2001,2,1.7123563e-09,historical,5.273932e-10,8.597206e-09,1.184963e-09,-8.413158e-09,1.5553582,48.30978,16.454105,263.3247,307.63727,25.252686,9.150452
2001,3,6.0552927e-09,historical,3.2632341e-09,1.6910446e-08,2.7920586e-09,-1.4067109e-08,1.490975,97.24291,18.676346,276.04834,316.39026,19.358215,5.5462036
2001,4,2.0276895e-08,historical,1.2675682e-08,1.6893438e-08,7.601213e-09,-5.192267e-09,1.591348,165.96202,21.397278,283.64673,334.80768,24.964294,18.349243
2001,5,6.278183e-08,historical,4.1150795e-08,1.2873294e-08,2.1631031e-08,2.5404976e-08,2.4455037,249.88634,30.12851,296.28125,362.7434,47.488342,26.600525
2001,6,7.7482106e-08,historical,5.0004722e-08,8.713137e-09,2.7477379e-08,3.7456747e-08,2.9599075,272.28464,32.799057,315.3767,381.8479,68.87201,38.0354
2001,7,7.6568675e-08,historical,4.392925e-08,1.1452318e-08,3.263942e-08,2.8420901e-08,3.118129,232.51491,28.161133,330.67456,391.23383,69.16492,27.906006
2001,8,6.119788e-08,historical,3.2964195e-08,1.23516095e-08,2.8233686e-08,1.727982e-08,3.142162,181.51843,22.203842,335.7373,393.77295,74.59833,20.161743
2001,9,4.5565617e-08,historical,2.3608745e-08,4.184914e-08,2.195687e-08,-2.0626493e-08,3.1129253,96.34538,12.289215,337.3186,384.85486,59.2052,1.8896484
2001,10,2.3424262e-08,historical,1.2084808e-08,2.7580507e-08,1.1339453e-08,-1.681469e-08,2.6997647,54.30177,7.171753,317.18994,360.38727,54.192627,17.145752
2001,11,6.3770726e-09,historical,1.920615e-09,2.2897451e-08,4.4564574e-09,-2.1651134e-08,1.99912,24.678913,3.545967,307.90918,343.2918,27.575867,1.6876831
2001,12,2.7339977e-09,historical,-3.057076e-10,2.154116e-08,3.0397054e-09,-2.2335964e-08,1.8233784,10.082922,1.4143248,317.50977,337.0454,18.281555,-2.5703125
2002,1,2.6154572e-09,historical,1.177487e-10,1.6917047e-08,2.4977085e-09,-1.7236287e-08,1.7046039,21.336205,4.705044,288.9402,326.29938,22.014587,-11.246155
2002,2,5.027759e-09,historical,2.1426636e-09,1.7044897e-08,2.8850957e-09,-1.5381193e-08,1.6059538,54.218437,8.020817,277.3374,324.28168,18.473999,-6.4189453
2002,3,1.1522236e-08,historical,6.5097066e-09,1.7985624e-08,5.0125295e-09,-1.21828085e-08,1.5902338,97.810455,14.985352,288.8401,330.425,20.798523,4.6900024
2002,4,2.4397929e-08,historical,1.5098342e-08,1.8178328e-08,9.299585e-09,-4.330384e-09,1.7994144,148.28276,18.124588,295.65967,340.72412,33.882996,19.464417
2002,5,4.7559276e-08,historical,3.0767428e-08,2.5342473e-08,1.6791846e-08,3.2484275e-09,2.3825495,163.9915,19.592682,318.29492,355.34943,46.70514,21.91858
2002,6,8.826613e-08,historical,5.7111237e-08,2.1999995e-08,3.115489e-08,3.069413e-08,2.9871557,244.85057,29.512146,322.2705,377.11072,65.82782,28.936035
2002,7,9.148996e-08,historical,5.6802854e-08,1.7402101e-08,3.46871e-08,3.45152e-08,3.1596384,232.34634,28.147339,335.8247,391.8756,73.06018,23.569824
2002,8,7.654446e-08,historical,4.5860407e-08,1.7832924e-08,3.0684053e-08,2.3898327e-08,3.1835575,183.93823,22.737015,333.2339,393.79218,79.40155,15.666382
2002,9,5.751259e-08,historical,3.2007264e-08,2.7574064e-08,2.5505326e-08,1.392929e-09,3.1391006,127.38717,16.53334,329.47314,386.84656,66.54413,4.1221924
2002,10,2.7628284e-08,historical,1.4995736e-08,2.4991188e-08,1.26325475e-08,-1.1562925e-08,2.867544,70.61055,10.009705,307.08203,363.01532,57.705933,7.3011475
2002,11,9.615912e-09,historical,3.922152e-09,2.2651506e-08,5.6937592e-09,-1.9484691e-08,2.2065134,35.187237,5.973074,283.28882,343.9735,36.533325,-7.2019043
2002,12,2.6475109e-09,historical,5.944953e-11,1.7727471e-08,2.5880613e-09,-1.8188745e-08,1.8550217,15.204656,2.3963947,294.26733,332.11133,18.93274,-2.7479858
2003,1,3.582961e-09,historical,6.612206e-10,1.7862302e-08,2.9217404e-09,-1.7684526e-08,1.7734432,22.93723,3.792818,289.52832,328.86328,17.49237,-13.992737
2003,2,4.034943e-09,historical,1.5513135e-09,1.578411e-08,2.4836295e-09,-1.46894585e-08,1.633113,40.79539,9.487478,296.0349,322.49603,16.733032,1.3795166
2003,3,9.408663e-09,historical,5.138025e-09,1.7213821e-08,4.2706376e-09,-1.2694274e-08,1.5917159,94.91781,16.795143,286.04028,326.6657,29.549622,0.74298096
2003,4,3.7015205e-08,historical,2.3576792e-08,2.0426072e-08,1.3438415e-08,1.3424943e-09,2.0030434,174.21527,21.501007,296.0796,348.63,33.649414,16.88861
2003,5,7.153614e-08,historical,4.627999e-08,9.486273e-09,2.5256151e-08,3.338054e-08,2.703793,253.29565,30.671463,306.37695,371.52405,49.798096,30.968384
2003,6,7.686857e-08,historical,4.7890627e-08,1.0027226e-08,2.8977942e-08,3.407189e-08,3.0538125,277.26627,33.524185,324.74536,395.93762,66.70929,32.461548
2003,7,6.8771946e-08,historical,4.1479318e-08,1.1182625e-08,2.7292632e-08,2.6899261e-08,3.1361198,247.24228,29.931732,335.06348,404.7213,83.38336,32.27954
2003,8,7.3826406e-08,historical,3.9922963e-08,2.3519332e-08,3.3903447e-08,1.2534824e-08,3.1673403,183.28365,22.501724,342.4275,401.7959,82.65405,16.677795
2003,9,5.506592e-08,historical,2.9835576e-08,3.2174235e-08,2.523035e-08,-5.2197096e-09,3.1547263,118.78674,15.123169,335.3777,389.94727,76.58887,9.647339
2003,10,2.8112355e-08,historical,1.3252388e-08,2.8463843e-08,1.4859967e-08,-1.6694736e-08,3.0475495,59.854538,8.140671,325.52368,372.1176,54.190186,-0.22924805
2003,11,1.22735875e-08,historical,2.4592837e-09,2.9990762e-08,9.814304e-09,-2.825983e-08,2.9384313,22.144262,3.2010193,331.50537,361.87177,26.260437,-8.122986
2003,12,5.0635993e-09,historical,1.2141135e-10,2.2346848e-08,4.942188e-09,-2.2721117e-08,2.3492858,12.607222,2.3749456,304.39478,342.90765,37.29309,-6.001831
2004,1,2.755061e-09,historical,3.6869224e-10,1.600868e-08,2.3863687e-09,-1.6104531e-08,1.7129669,23.395638,3.7873955,283.74512,328.55115,21.753174,-1.1749268
2004,2,3.280167e-09,historical,1.2477122e-09,1.4250548e-08,2.0324549e-09,-1.34286875e-08,1.6193463,52.42691,10.256157,272.55444,318.08984,22.988708,10.996155
2004,3,1.2703613e-08,historical,7.431333e-09,1.7035848e-08,5.272281e-09,-1.0302486e-08,1.6192706,103.24823,24.941002,281.8562,320.09705,20.357605,12.833618
2004,4,2.7208138e-08,historical,1.7067302e-08,1.287927e-08,1.0140836e-08,2.6708993e-09,1.8255892,161.61719,19.972717,295.27588,342.53027,29.859375,18.347534
2004,5,6.852018e-08,historical,4.433561e-08,8.720654e-09,2.4184567e-08,3.2259454e-08,2.6422155,237.44855,28.773895,308.66772,368.49298,46.537415,26.638306
2004,6,7.064283e-08,historical,4.3765738e-08,1.0441666e-08,2.6877085e-08,2.9981397e-08,3.0631883,294.4541,35.641266,321.09448,398.92755,66.07019,40.89264
2004,7,5.4247685e-08,historical,3.2342847e-08,1.198472e-08,2.1904837e-08,1.7935204e-08,3.1075344,270.2303,32.73271,334.8767,410.61108,65.4068,38.61487
2004,8,4.8371888e-08,historical,2.8176665e-08,1.1522281e-08,2.0195221e-08,1.4319172e-08,3.09243,191.26283,23.536423,335.08813,404.95654,93.37445,23.35669
2004,9,3.8649304e-08,historical,2.124947e-08,1.0381812e-08,1.7399836e-08,8.903806e-09,3.083204,133.94579,17.143768,331.75122,396.3438,55.508972,11.014954
2004,10,2.3072083e-08,historical,1.09905365e-08,2.277965e-08,1.20815455e-08,-1.3015082e-08,2.8686345,61.38951,8.474495,313.7832,372.4295,62.724487,4.5357666
2004,11,9.704723e-09,historical,3.4004033e-09,2.5341006e-08,6.3043197e-09,-2.263237e-08,2.3825605,25.345045,3.6718884,312.04907,351.58612,35.6593,-2.6021118
2004,12,4.1860098e-09,historical,5.99406e-10,1.9603785e-08,3.5866037e-09,-1.9504366e-08,1.8342307,16.729727,2.6686182,297.05273,339.1424,26.422058,-4.343811
2005,1,2.9181455e-09,historical,2.474866e-10,1.8524805e-08,2.670659e-09,-1.8725398e-08,1.66389,19.125803,2.9183826,299.71484,331.12268,19.382019,-9.220642
2005,2,7.0034774e-09,historical,2.9565452e-09,1.9550098e-08,4.046932e-09,-1.7135363e-08,1.6327484,45.54359,6.2393913,302.1543,333.42694,19.930298,-8.0
2005,3,1.6890569e-08,historical,9.749083e-09,1.9089264e-08,7.1414865e-09,-1.02280815e-08,1.731182,105.378876,13.969093,298.46997,340.2254,29.80188,1.8273926
2005,4,3.099342e-08,historical,1.947488e-08,1.6967766e-08,1.1518538e-08,8.829544e-10,1.9242691,157.47626,19.297348,298.86694,349.1388,39.63983,13.75293
2005,5,6.27804e-08,historical,4.0943426e-08,1.46264965e-08,2.1836975e-08,2.332265e-08,2.6371388,206.14859,24.839157,307.62158,363.3565,57.057617,23.036194
2005,6,8.7518565e-08,historical,5.595958e-08,9.619596e-09,3.1558983e-08,4.1844313e-08,3.0463467,282.02145,34.178818,314.25342,388.2813,65.852295,33.766907
2005,7,7.36642e-08,historical,4.4152536e-08,1.6485846e-08,2.9511664e-08,2.3796382e-08,3.1605132,224.6267,27.28482,333.70166,396.6947,76.348816,25.648438
2005,8,7.6815084e-08,historical,4.249905e-08,1.6143915e-08,3.431604e-08,2.210393e-08,3.1962233,223.2732,27.658585,329.48218,401.80383,79.46741,22.780396
2005,9,4.5763482e-08,historical,2.437268e-08,1.0683459e-08,2.1390806e-08,1.1124233e-08,3.1011415,142.51738,18.63247,323.71216,393.0479,65.230896,13.291443
2005,10,2.5199553e-08,historical,1.1138664e-08,1.725457e-08,1.4060888e-08,-7.538108e-09,3.032285,60.610588,8.359051,329.53784,379.86884,40.789673,-0.3765869
2005,11,8.983775e-09,historical,3.2224483e-09,2.584663e-08,5.7613256e-09,-2.3316018e-08,2.4030645,25.479084,3.7694035,302.58618,348.96967,49.450134,15.568359
2005,12,1.6469673e-09,historical,-3.0357308e-10,1.8743751e-08,1.9505404e-09,-1.9521528e-08,1.8020668,10.318182,2.4332023,303.49268,328.75067,29.286072,12.499939
2006,1,9.954743e-10,historical,2.1290131e-11,1.5134287e-08,9.741842e-10,-1.5511574e-08,1.6853247,23.576382,6.741848,265.7539,309.0208,21.815125,14.233337
2006,2,8.3900126e-10,historical,2.9854616e-10,1.2542675e-08,5.4045507e-10,-1.2587947e-08,1.575769,59.373756,23.446552,243.75586,293.74384,24.144958,12.939514
2006,3,3.9504426e-09,historical,2.0992152e-09,1.3644055e-08,1.8512274e-09,-1.1911808e-08,1.486959,94.45759,31.749828,285.6267,308.72495,6.6503296,-0.26971436
2006,4,2.3141839e-08,historical,1.4504665e-08,1.819531e-08,8.637174e-09,-4.766136e-09,1.6801163,181.59753,22.416092,283.75195,335.86316,29.199036,14.355347
2006,5,3.9983124e-08,historical,2.5797473e-08,2.2096804e-08,1.4185649e-08,1.6871742e-09,2.079481,178.46255,21.238724,306.79858,349.8971,41.246277,25.253479
2006,6,9.773586e-08,historical,6.254533e-08,1.9320009e-08,3.5190524e-08,3.814615e-08,2.9224148,280.5066,33.56378,320.3816,386.42908,63.158813,27.33789
2006,7,8.230506e-08,historical,5.0136588e-08,1.054745e-08,3.2168465e-08,3.5223447e-08,3.1644688,271.38464,32.930405,327.38306,402.5204,79.30359,32.528137
2006,8,5.8995443e-08,historical,3.2574455e-08,1.1427615e-08,2.642099e-08,1.817183e-08,3.1744008,212.73413,26.328064,331.05005,405.74567,71.4093,21.176758
2006,9,3.968729e-08,historical,2.0869047e-08,1.072939e-08,1.8818241e-08,8.108597e-09,3.1291425,141.74721,18.241295,329.19678,397.84497,68.79297,13.955872
2006,10,2.0569273e-08,historical,1.0157138e-08,7.527042e-09,1.0412134e-08,1.4415412e-09,3.0163531,61.442303,8.383633,321.15112,370.81006,54.228943,6.9660645
2006,11,5.121026e-09,historical,1.9466266e-09,6.670199e-09,3.1743992e-09,-5.304573e-09,2.0773299,29.860037,4.6332054,288.80273,339.22577,41.115356,12.435852
2006,12,1.3209265e-09,historical,-9.026358e-11,1.01388045e-08,1.41119e-09,-1.06626965e-08,1.757452,13.460544,3.9948826,280.03516,319.1292,34.673645,12.33551
2007,1,2.4087998e-09,historical,1.5274468e-10,1.8170196e-08,2.2560551e-09,-1.8443371e-08,1.6494379,20.473587,4.396349,290.4265,320.12048,11.063965,-12.208496
2007,2,6.0509366e-09,historical,2.2330935e-09,2.1688907e-08,3.817843e-09,-1.9957351e-08,1.582483,41.685867,6.159523,302.28003,330.36902,21.136292,-17.51709
2007,3,1.3007293e-08,historical,7.518876e-09,1.6983883e-08,5.488416e-09,-1.0250494e-08,1.5967675,110.045845,14.54908,283.26733,331.74097,19.782715,8.4021
2007,4,2.1259735e-08,historical,1.3238134e-08,6.659365e-09,8.021602e-09,5.3364326e-09,1.7326723,155.78247,21.024689,284.55322,339.59717,32.5282,20.661194
2007,5,6.333046e-08,historical,4.1146745e-08,8.669006e-09,2.2183716e-08,2.951007e-08,2.584757,227.56728,27.19371,307.86108,366.18494,44.9718,25.87732
2007,6,8.5186805e-08,historical,5.04629e-08,1.6532004e-08,3.4723907e-08,2.9597933e-08,3.0675035,240.8093,28.950073,325.39355,386.305,58.31848,25.073486
2007,7,8.628225e-08,historical,4.792878e-08,1.1266736e-08,3.8353466e-08,3.193669e-08,3.2008677,249.42511,30.090057,333.5559,399.48535,81.124146,26.832275
2007,8,5.4061985e-08,historical,2.9351867e-08,1.2229668e-08,2.4710117e-08,1.4149336e-08,3.1895657,205.1021,25.23262,332.4768,405.49548,76.72095,24.441833
2007,9,4.2616026e-08,historical,2.201587e-08,1.0635668e-08,2.0600156e-08,9.022419e-09,3.1493504,137.7155,17.829773,325.1245,393.27637,68.75366,8.488464
2007,10,2.2926367e-08,historical,1.126542e-08,8.903857e-09,1.1660947e-08,1.0037535e-09,3.079054,71.741035,10.065861,316.8833,374.26538,45.501343,0.4136963
2007,11,1.044033e-08,historical,3.8111883e-09,1.7179842e-08,6.629142e-09,-1.4124335e-08,2.6475532,28.502619,4.154705,310.47217,354.44116,35.411438,-2.8377075
2007,12,2.3544664e-09,historical,1.1498683e-10,2.0790033e-08,2.2394795e-09,-2.1163357e-08,1.7931652,11.581783,1.9054823,300.8911,333.05933,33.045715,11.772949
2008,1,9.661747e-10,historical,3.7411445e-11,5.9858527e-09,9.2876323e-10,-6.3430106e-09,1.6779879,20.842913,6.3039885,275.2163,311.69934,33.093872,17.20404
2008,2,2.3796558e-09,historical,9.442509e-10,1.3730967e-08,1.4354051e-09,-1.3170259e-08,1.5757831,52.860176,15.19931,274.32812,309.4922,11.696411,0.8104248
2008,3,1.3179664e-08,historical,7.2794664e-09,1.9400549e-08,5.900197e-09,-1.2880903e-08,1.6169991,89.37321,11.248421,301.083,335.3463,20.228271,-1.2841187
2008,4,2.160871e-08,historical,1.3377001e-08,8.6674365e-09,8.2317095e-09,3.494733e-09,1.7466499,153.59552,19.312485,294.33594,339.14105,28.498901,23.606018
2008,5,6.246232e-08,historical,4.078286e-08,1.1033911e-08,2.1679455e-08,2.6878721e-08,2.625344,227.22014,27.09935,308.40503,363.5913,43.323547,29.21991
2008,6,6.2854234e-08,historical,3.953561e-08,9.450366e-09,2.3318629e-08,2.7082667e-08,3.032932,264.43002,31.826645,315.78418,385.46887,55.085876,38.4458
2008,7,4.670575e-08,historical,2.676477e-08,1.2151747e-08,1.9940979e-08,1.2386875e-08,3.0984814,257.9389,30.973694,334.7246,404.74176,57.42627,39.975708
2008,8,4.6315694e-08,historical,2.4770495e-08,1.365932e-08,2.1545198e-08,8.716922e-09,3.1068537,224.15573,27.390854,340.1289,414.2821,69.27789,31.041748
2008,9,3.622248e-08,historical,1.8695445e-08,2.0583578e-08,1.7527034e-08,-3.8089905e-09,3.080965,111.972275,14.066261,338.70898,393.04736,70.7229,8.537537
2008,10,2.6096524e-08,historical,1.3046997e-08,2.3891728e-08,1.3049528e-08,-1.2281591e-08,2.9865754,66.88845,9.261269,317.0735,372.39368,58.358215,5.8844604
2008,11,4.739488e-09,historical,1.6231041e-09,1.8964942e-08,3.116384e-09,-1.7908627e-08,1.9641176,25.967413,4.5010357,293.48682,337.48926,46.461426,15.139832
2008,12,1.3296924e-09,historical,2.2409135e-11,1.750249e-08,1.3072832e-09,-1.7921957e-08,1.7451918,18.944199,5.6223593,264.05054,314.55493,26.925903,10.274719
2009,1,8.236785e-10,historical,3.9883725e-11,1.200396e-08,7.8379475e-10,-1.2336858e-08,1.636998,22.77877,9.144356,264.95288,299.39026,24.414734,15.587585
2009,2,4.391444e-09,historical,1.7047855e-09,1.6302911e-08,2.686659e-09,-1.502285e-08,1.5610899,51.73465,15.346642,294.49048,316.2782,5.8203735,-17.784119
2009,3,1.1283983e-08,historical,6.018712e-09,2.1265825e-08,5.2652704e-09,-1.5903328e-08,1.551721,83.862526,10.517967,302.54028,332.34106,19.453491,0.38238525
2009,4,2.3831271e-08,historical,1.4968984e-08,1.3079811e-08,8.862285e-09,6.1011524e-10,1.7054998,172.51,21.75557,285.40845,339.7343,32.49939,22.493774
2009,5,5.510323e-08,historical,3.603879e-08,7.50474e-09,1.9064439e-08,2.5748013e-08,2.3298917,229.65176,27.66632,299.64502,361.19,42.977905,28.113281
2009,6,7.51517e-08,historical,4.766289e-08,9.034703e-09,2.748882e-08,3.4903717e-08,2.9799829,249.84819,29.858337,324.42456,387.2309,59.659973,29.700562
2009,7,8.16906e-08,historical,4.7622777e-08,1.1866873e-08,3.406783e-08,3.146195e-08,3.1646402,252.44551,30.594055,332.83813,404.16272,68.9126,25.6297
2009,8,5.6349382e-08,historical,3.0800766e-08,1.2035238e-08,2.5548614e-08,1.5831027e-08,3.1794844,200.48546,24.570557,338.05225,407.0075,76.2323,22.58551
2009,9,4.0469104e-08,historical,2.0694122e-08,1.1838986e-08,1.9774982e-08,6.697974e-09,3.1352913,135.87459,17.526459,331.33984,398.073,72.24939,7.826111
2009,10,2.4057188e-08,historical,1.1546115e-08,2.2367393e-08,1.2511074e-08,-1.2199839e-08,3.0126867,64.281456,8.736889,319.94165,372.63416,60.020935,4.7856445
2009,11,9.539065e-09,historical,3.5257108e-09,2.2931e-08,6.0133543e-09,-2.0120902e-08,2.434822,23.470676,3.5705223,306.8152,346.03693,42.874878,12.523926
2009,12,2.0071471e-09,historical,-1.350012e-10,1.1898513e-08,2.1421485e-09,-1.252214e-08,1.7765728,14.414123,2.5714512,294.14795,329.50836,23.414124,4.2490234
2010,1,3.137087e-09,historical,1.0795678e-10,2.0810294e-08,3.0291303e-09,-2.1182135e-08,1.7118064,15.610898,2.3476028,314.4314,332.61932,13.860535,-12.130798
2010,2,5.277339e-09,historical,2.0132596e-09,1.8543023e-08,3.2640797e-09,-1.7026833e-08,1.5979596,42.229057,6.5794525,297.77197,328.62146,25.116943,-4.211853
2010,3,1.4677894e-08,historical,8.402484e-09,2.0601384e-08,6.2754086e-09,-1.3037327e-08,1.6285722,107.387924,13.942154,286.4402,335.48596,26.431824,1.784729
2010,4,2.7736416e-08,historical,1.7407958e-08,1.6564632e-08,1.0328456e-08,-6.286006e-10,1.8375617,153.71364,18.85759,297.89526,343.8579,32.51361,20.33728
2010,5,6.431313e-08,historical,4.2107647e-08,8.407582e-09,2.2205482e-08,3.0581266e-08,2.6163187,219.78455,26.43158,302.29346,363.5326,50.246094,23.600464
2010,6,9.1062695e-08,historical,5.8334084e-08,1.0457431e-08,3.2728614e-08,4.3083535e-08,3.0957584,274.8699,33.403275,312.83765,385.11877,66.74872,32.17285
2010,7,7.722536e-08,historical,4.369998e-08,1.1178109e-08,3.352538e-08,2.8392673e-08,3.1966367,249.69131,30.416702,330.83545,399.84827,70.47894,31.533752
2010,8,5.3134897e-08,historical,2.918415e-08,1.2304305e-08,2.3950747e-08,1.4101898e-08,3.1814098,208.03355,25.777664,333.73926,406.59985,76.51416,27.453003
2010,9,3.8211326e-08,historical,2.0163803e-08,1.0238235e-08,1.804752e-08,7.83753e-09,3.1324792,127.65352,16.263771,332.71753,392.52588,69.28516,15.43988
2010,10,2.4694852e-08,historical,1.1302699e-08,9.532464e-09,1.3392152e-08,3.818081e-10,3.0698292,69.113434,9.663815,323.7224,381.21753,39.576538,-2.7089233
2010,11,1.14125065e-08,historical,4.0068575e-09,2.4840318e-08,7.405649e-09,-2.160308e-08,2.5427122,32.643814,5.119339,298.03296,355.15295,46.237915,-1.5333252
2010,12,3.8906367e-09,historical,1.3715634e-10,2.2395467e-08,3.75348e-09,-2.2792781e-08,1.8021437,16.744535,2.9400349,299.1985,342.18713,30.345825,-14.411804
2011,1,2.321188e-09,historical,2.0287595e-10,1.862798e-08,2.118312e-09,-1.88828e-08,1.6759003,19.045984,4.6228876,289.93018,323.8031,22.003723,-1.201477
2011,2,6.9640613e-09,historical,2.778926e-09,2.1863926e-08,4.185136e-09,-1.9660858e-08,1.6689569,46.11104,6.382038,301.50342,333.95807,21.126404,-7.873291
2011,3,1.0929811e-08,historical,6.022443e-09,1.5303941e-08,4.9073683e-09,-9.999267e-09,1.6062205,96.495056,13.196693,289.0266,332.70435,26.387085,9.415161
2011,4,3.1265387e-08,historical,1.942151e-08,1.7438236e-08,1.1843878e-08,3.211428e-10,1.8101726,159.50252,19.455185,304.2661,348.0943,32.44922,17.360657
2011,5,7.368303e-08,historical,4.667114e-08,1.47668455e-08,2.701189e-08,2.831164e-08,2.7826324,220.96115,26.39795,321.88867,375.2495,54.145874,20.11023
2011,6,9.0833396e-08,historical,5.753365e-08,1.4959474e-08,3.329974e-08,3.771228e-08,3.112823,266.13458,32.21167,318.47827,386.79797,67.16254,31.356201
2011,7,8.426087e-08,historical,4.694961e-08,1.5678847e-08,3.7311263e-08,2.6583402e-08,3.2134497,239.91295,29.086487,341.1892,403.64056,80.50476,27.273926
2011,8,6.5413595e-08,historical,3.4846863e-08,1.2978931e-08,3.0566728e-08,1.820719e-08,3.213346,204.93976,25.319962,342.0315,408.05188,80.93207,22.584595
2011,9,5.169784e-08,historical,2.598345e-08,2.9674212e-08,2.571439e-08,-6.5363595e-09,3.1814861,152.33383,19.778442,337.35156,404.8849,61.686768,11.138123
2011,10,3.374727e-08,historical,1.5768666e-08,3.0850412e-08,1.7978602e-08,-1.6910093e-08,3.1189194,69.91495,9.742477,325.3899,382.6195,51.497864,-1.0001831
2011,11,1.3152465e-08,historical,3.9173225e-09,1.7402e-08,9.235142e-09,-1.4346282e-08,2.999223,27.877672,4.1546745,316.91968,361.9886,33.49768,3.281189
2011,12,5.37851e-09,historical,4.868815e-10,2.0087409e-08,4.8916284e-09,-2.0160892e-08,2.3271227,13.627898,2.0465498,308.55322,343.72278,33.88208,3.7735596
2012,1,1.9759785e-09,historical,1.5070185e-10,1.1827276e-08,1.8252766e-09,-1.2142453e-08,1.71459,18.390448,4.0864687,292.37793,323.92285,21.579712,5.7244263
2012,2,4.745846e-09,historical,1.8058193e-09,1.5277596e-08,2.9400264e-09,-1.39848275e-08,1.6256541,43.923115,9.890339,289.72754,323.29504,14.801697,-3.364685
2012,3,1.1842552e-08,historical,6.527554e-09,2.0342709e-08,5.314998e-09,-1.4606145e-08,1.6320647,87.301025,11.1045685,297.78418,333.31934,21.307434,7.036133
2012,4,3.7933887e-08,historical,2.4002036e-08,1.5389354e-08,1.3931854e-08,6.7526504e-09,2.046467,154.26666,18.951813,304.5669,350.7179,31.142578,16.452576
2012,5,6.249414e-08,historical,4.071705e-08,1.0971611e-08,2.1777087e-08,2.6507463e-08,2.6010113,205.6963,24.90773,306.8506,363.8181,50.999756,22.8844
2012,6,7.575614e-08,historical,4.727069e-08,1.047169e-08,2.8485447e-08,3.295788e-08,3.074824,310.38376,37.217804,319.55762,398.641,63.130493,40.0838
2012,7,4.1010466e-08,historical,2.2159783e-08,1.6167224e-08,1.8850685e-08,4.0549804e-09,3.1266208,312.6746,37.750336,337.19434,431.96143,61.31537,50.094116
2012,8,2.9473533e-08,historical,1.5329942e-08,1.513341e-08,1.414359e-08,-1.1589604e-09,3.0724878,238.64093,29.184753,342.61914,430.41687,67.98889,44.408203
2012,9,2.6789461e-08,historical,1.46276635e-08,1.1133855e-08,1.2161798e-08,2.1745075e-09,3.0106983,142.4746,18.265251,331.58765,404.0799,69.8985,19.582397
2012,10,2.2760812e-08,historical,1.0501808e-08,1.3130392e-08,1.2259005e-08,-3.816924e-09,2.9643362,71.1066,9.778816,327.281,385.8789,53.49756,-2.6505737
2012,11,1.116364e-08,historical,3.635732e-09,2.0111496e-08,7.527908e-09,-1.7182568e-08,2.6683028,28.746166,4.2605095,314.04175,360.1825,47.775085,4.335205
2012,12,2.5839615e-09,historical,2.677772e-10,1.1479059e-08,2.3161841e-09,-1.1676727e-08,1.7048247,16.230232,2.6825285,290.47998,333.99115,24.962036,2.6539917
2013,1,2.5212947e-09,historical,1.53099e-10,1.92224e-08,2.3681956e-09,-1.9494186e-08,1.6100745,20.2761,3.3435936,297.64355,330.92255,22.858948,-1.8952026
2013,2,3.1632093e-09,historical,1.1612673e-09,1.4839106e-08,2.0019422e-09,-1.406808e-08,1.5307968,52.22676,8.146172,274.51367,319.82166,26.00476,15.323975
2013,3,8.663061e-09,historical,4.5040833e-09,1.8378271e-08,4.158977e-09,-1.4402667e-08,1.493417,74.48231,12.503082,307.2202,328.15967,17.476501,5.5342407
2013,4,2.4641972e-08,historical,1.5396875e-08,1.1907574e-08,9.245097e-09,2.230013e-09,1.6804627,168.72964,20.726944,286.33154,342.87616,35.229248,18.415955
2013,5,7.499381e-08,historical,4.826705e-08,2.2340702e-08,2.6726756e-08,2.237111e-08,2.6674068,231.73962,27.587082,313.10425,371.07886,48.781494,19.839722
2013,6,9.148191e-08,historical,5.8629727e-08,1.2215765e-08,3.285218e-08,4.1571397e-08,3.1363745,252.15375,30.329605,320.55884,384.20874,69.64691,29.42334
2013,7,7.776424e-08,historical,4.563868e-08,1.2086507e-08,3.2125566e-08,2.9295746e-08,3.2204688,268.0093,32.441742,327.2754,401.53442,68.45239,35.343445
2013,8,6.129936e-08,historical,3.321029e-08,1.29003475e-08,2.8089067e-08,1.6914049e-08,3.2074602,213.00618,26.227325,333.62744,407.46326,79.3349,23.459717
2013,9,4.002198e-08,historical,2.1156989e-08,1.0924053e-08,1.8864991e-08,7.979218e-09,3.1698766,138.55388,17.860168,330.5769,396.48138,71.74579,13.895569
2013,10,2.5868573e-08,historical,1.2373641e-08,1.807046e-08,1.3494933e-08,-7.1781345e-09,3.1044064,69.380424,9.629078,322.33398,376.84607,51.95758,-1.3135986
2013,11,1.0493572e-08,historical,3.7848453e-09,2.04249e-08,6.7087282e-09,-1.7409056e-08,2.58523,28.92348,4.3134003,308.57812,352.62085,51.16742,4.0178223
2013,12,1.832152e-09,historical,-4.025609e-12,1.3203715e-08,1.8361775e-09,-1.3702858e-08,1.7867906,12.629654,2.2806377,296.40503,328.1303,30.23883,11.1675415
2014,1,2.1904525e-09,historical,4.692433e-11,1.7675791e-08,2.1435282e-09,-1.8076218e-08,1.6792098,22.92602,4.3909397,281.61914,324.88672,26.06842,-3.7265015
2014,2,4.1711887e-09,historical,1.7330801e-09,1.6687546e-08,2.4381086e-09,-1.5409917e-08,1.5911667,54.813946,11.166672,280.37524,319.6006,11.919312,-4.953308
2014,3,8.314916e-09,historical,4.6187654e-09,1.5597928e-08,3.6961505e-09,-1.1533651e-08,1.5443894,104.3129,16.56916,276.73047,322.94983,20.721252,12.9192505
2014,4,2.3020492e-08,historical,1.4398066e-08,1.1301727e-08,8.622425e-09,1.7996985e-09,1.6961968,184.94643,22.967575,277.41943,339.25952,36.44287,20.150269
2014,5,5.9540767e-08,historical,3.815599e-08,1.17600285e-08,2.1384782e-08,2.3595149e-08,2.544785,193.13745,22.970032,322.021,363.90082,40.567627,18.660034
2014,6,7.096908e-08,historical,4.4067406e-08,1.0705724e-08,2.6901677e-08,2.9902914e-08,3.0678523,293.44174,35.152313,323.33325,398.43762,52.625793,36.493347
2014,7,5.8031272e-08,historical,3.23273e-08,1.87665e-08,2.5703974e-08,1.0626176e-08,3.1420183,273.75964,32.785553,345.39746,423.15808,71.76251,37.435547
2014,8,5.5598264e-08,historical,3.0225948e-08,1.25519595e-08,2.5372318e-08,1.4695514e-08,3.1754754,208.84537,25.475677,343.82593,412.25696,86.29675,27.098389
2014,9,3.988415e-08,historical,2.051357e-08,1.5290547e-08,1.937058e-08,3.0309242e-09,3.146694,130.6709,16.565056,334.80957,395.2702,78.03009,11.87915
2014,10,2.5793527e-08,historical,1.210187e-08,2.5397007e-08,1.3691656e-08,-1.4735989e-08,3.0498626,64.73189,8.927456,320.50708,375.29358,65.69287,2.097046
2014,11,9.640639e-09,historical,4.187307e-09,1.03810525e-08,5.453333e-09,-6.9609323e-09,2.1301491,33.593136,5.17054,296.16846,348.3379,33.232788,3.7019043
2014,12,3.2673249e-09,historical,-2.576453e-10,2.1038852e-08,3.52497e-09,-2.1803846e-08,1.9269509,12.905883,1.944521,310.6206,342.01514,19.021912,-10.203003
