model,year,month,days_in_mo,scenario,gpp_gCm2d,rh_gCm2d,ra_gCm2d,lai_m2_m2
CESM2,1980,1,31,historical,0.1936216224,0.49418069760000005,0.18215377632,0.7806963
CESM2,1980,2,29,historical,0.0734188752,0.58493798784,0.0668542032,0.26860487
CESM2,1980,3,31,historical,0.829805472,1.3180016736,0.5166934272,1.098847
CESM2,1980,4,30,historical,2.2860978623999997,1.4373510912,1.296229392,1.750045
CESM2,1980,5,31,historical,5.808636144,1.2129968592,2.996005104,2.1886199
CESM2,1980,6,30,historical,8.862664032,1.2419343360000001,4.4176014144,3.2293344
CESM2,1980,7,31,historical,8.358672096,0.8986989312,4.9892918112,3.3273568
CESM2,1980,8,31,historical,4.6491488352,0.9238702752,2.7861906528,2.5286384
CESM2,1980,9,30,historical,2.317188384,1.192100112,0.9423954720000001,1.6957736
CESM2,1980,10,31,historical,1.1456056799999998,1.4497961472,0.6562444608,1.1063476
CESM2,1980,11,30,historical,0.6517262591999999,1.0543282271999999,0.4697003808,1.0186346
CESM2,1980,12,31,historical,0.26227234944,0.9386567712,0.29095803072000004,0.94735044
CESM2,1981,1,31,historical,0.254736792,0.8247724992,0.26492524415999996,0.88340855
CESM2,1981,2,28,historical,0.21296353248,0.28834545887999996,0.1621093824,0.8156976
CESM2,1981,3,31,historical,0.11482839936,1.0584931392,0.08177658911999999,0.18567722
CESM2,1981,4,30,historical,1.9199659392,1.4333775552,1.0814137632,1.4238865
CESM2,1981,5,31,historical,5.4177591744,1.38668112,2.9027520288,2.075577
CESM2,1981,6,30,historical,8.844103584,1.3126642271999998,4.3910590752,3.1987374
CESM2,1981,7,31,historical,8.26514064,0.977390928,4.809745267199999,3.2777317
CESM2,1981,8,31,historical,2.614199184,0.21962911968,2.2407598944,2.3569121
CESM2,1981,9,30,historical,0.61698456,0.63884992896,-0.5314301568,0.52171874
CESM2,1981,10,31,historical,0.8346932927999999,1.262628864,0.7735526784,1.0219492
CESM2,1981,11,30,historical,0.6896768544,1.2336055488,0.6952845599999999,1.7418061
CESM2,1981,12,31,historical,0.2992565088,0.9930642336000001,0.4077879552,1.710787
CESM2,1982,1,31,historical,0.27273450816,0.50122486368,0.34104792959999997,1.5733424
CESM2,1982,2,28,historical,0.077097617856,1.4332927104,0.10391869728,0.19035234
CESM2,1982,3,31,historical,0.57804137568,1.3813390944000001,0.40570988832,0.76842743
CESM2,1982,4,30,historical,1.6363329696000002,1.45001664,0.789909408,0.9478831
CESM2,1982,5,31,historical,4.29166296,1.5581014848,1.686150864,1.331829
CESM2,1982,6,30,historical,8.32592736,1.2219254784,3.6228122207999998,2.5571368
CESM2,1982,7,31,historical,5.6323878336,0.53155142784,3.5644359744000003,2.6846237
CESM2,1982,8,31,historical,2.7987306624,0.59463533376,1.126570032,1.876441
CESM2,1982,9,30,historical,1.5437020607999998,1.5581005344,0.830140272,0.67808867
CESM2,1982,10,31,historical,1.0170374688000001,1.2376280736,0.5799966336,0.6478254
CESM2,1982,11,30,historical,0.48453955488,1.1616575904,0.3460637952,0.6249646
CESM2,1982,12,31,historical,0.24046916256,0.7551467136000001,0.21784565951999998,0.6019087
CESM2,1983,1,31,historical,0.2466109584,0.6416742240000001,0.23715627552000001,0.57618695
CESM2,1983,2,28,historical,0.31348643328,0.7251507936,0.19944168191999997,0.55082726
CESM2,1983,3,31,historical,0.5644503359999999,0.8048287008,0.23701861440000002,0.52714145
CESM2,1983,4,30,historical,1.2454140096,1.0904451552,0.4916356128,0.52078056
CESM2,1983,5,31,historical,3.3194399615999997,1.17405936,1.0532007072,0.8628395
CESM2,1983,6,30,historical,7.179906096000001,1.1025472032,2.74936896,2.008825
CESM2,1983,7,31,historical,6.704444736,0.8842004928,3.181709808,2.4512668
CESM2,1983,8,31,historical,3.9562056288,0.7240239216,1.5883238592000002,2.124241
CESM2,1983,9,30,historical,1.430285904,1.4693237568,0.700515216,0.6349111
CESM2,1983,10,31,historical,1.0243479456,1.2213815903999998,0.5718125404800001,0.66599673
CESM2,1983,11,30,historical,0.509887656,1.0294985952,0.3697500096,0.6844967
CESM2,1983,12,31,historical,0.22393547711999998,0.7332297984,0.2392421184,0.6863321
CESM2,1984,1,31,historical,0.13116321792,0.27126765216,0.16192668959999998,0.5935987
CESM2,1984,2,29,historical,0.021909771648,0.59571212832,0.026528136768,0.11128854
CESM2,1984,3,31,historical,0.663327792,0.6075810432000001,0.45162052416,1.2763981
CESM2,1984,4,30,historical,0.46947223296,1.639626624,0.22921536384000002,0.21024348
CESM2,1984,5,31,historical,4.5781644096,1.57370688,1.9777741919999998,1.270108
CESM2,1984,6,30,historical,6.864171551999999,0.8223505344,3.5380983168,2.365378
CESM2,1984,7,31,historical,3.1791341375999997,0.25454227104,3.2266629503999997,2.333001
CESM2,1984,8,31,historical,1.2234989952,0.880759872,-0.3992886144,0.84952235
CESM2,1984,9,30,historical,1.0206565056,1.1336366016,0.51654634848,0.45396024
CESM2,1984,10,31,historical,1.1963041632,1.3606564032,0.823027824,0.9171299
CESM2,1984,11,30,historical,0.40950956159999996,0.9994119551999999,0.37031373504000004,0.90110743
CESM2,1984,12,31,historical,0.24181158528000002,0.8155238112,0.29964196512,0.83368284
CESM2,1985,1,31,historical,0.2604928032,0.7446363264,0.281660544,0.73240936
CESM2,1985,2,28,historical,0.293510304,0.6508083024,0.2013129936,0.62208617
CESM2,1985,3,31,historical,0.6814383552000001,0.9309383136,0.32587122528,0.5212096
CESM2,1985,4,30,historical,1.1372446656,1.1063221056,0.43749263808,0.453024
CESM2,1985,5,31,historical,3.228939936,1.2504296160000001,1.0277918496,0.74828833
CESM2,1985,6,30,historical,6.963880176,1.224700992,2.6031030912,1.8573161
CESM2,1985,7,31,historical,4.4864845056,0.52146820224,2.733070464,2.2343209
CESM2,1985,8,31,historical,2.922694272,0.54382807296,1.4517517248,1.7053539
CESM2,1985,9,30,historical,1.3309766208,0.6776673408,-0.2866361904,0.5253098
CESM2,1985,10,31,historical,0.9786448512,0.6323644079999999,0.5505585984,0.45354235
CESM2,1985,11,30,historical,0.36800329536,0.7954326144,0.28045351008,0.467564
CESM2,1985,12,31,historical,0.15094156896,0.8253722880000001,0.16500182112,0.4683792
CESM2,1986,1,31,historical,0.18879708096,0.835011072,0.18093151008000002,0.45889166
CESM2,1986,2,28,historical,0.09573164928,0.15090909984,0.09187034688,0.43061706
CESM2,1986,3,31,historical,0.031640892191999996,0.49133183039999995,0.015482839392000002,0.05145964
CESM2,1986,4,30,historical,1.8909762336,1.3131275904000002,0.8252033759999999,0.87216073
CESM2,1986,5,31,historical,4.9995306432,1.4435434656,2.2421399616,1.4849238
CESM2,1986,6,30,historical,8.042977728,1.1882626992,3.871524816,2.571608
CESM2,1986,7,31,historical,7.924377312000001,0.8174558016000001,4.8315715488,2.8774242
CESM2,1986,8,31,historical,4.3962404832,0.7102356047999999,2.7908222975999997,2.2165709
CESM2,1986,9,30,historical,1.9166817024,0.7652215584,0.54627243264,0.8906594
CESM2,1986,10,31,historical,1.1854086048,0.6077437344,0.8822837088,0.75650454
CESM2,1986,11,30,historical,0.5422500633599999,1.2534079968,0.43260953471999997,0.71643245
CESM2,1986,12,31,historical,0.2173985568,0.8010961343999999,0.21944149344000002,0.68044096
CESM2,1987,1,31,historical,0.19424016,0.5044473936,0.19548563328000002,0.6331359
CESM2,1987,2,28,historical,0.010477461024,0.7189128,0.017079166656,0.059271034
CESM2,1987,3,31,historical,0.6644184192,0.949181328,0.38846729088,0.98588544
CESM2,1987,4,30,historical,2.0649741696,1.1822726304,1.1955529152,1.4713087
CESM2,1987,5,31,historical,5.09027328,1.5117454655999998,2.7321258528,1.7986047
CESM2,1987,6,30,historical,8.095749552,1.4153736959999998,3.838528224,2.7392366
CESM2,1987,7,31,historical,8.7522012,1.1026918368,4.7426146272,2.8927116
CESM2,1987,8,31,historical,4.7457621792,0.45072725184,3.2140719648,2.4071069
CESM2,1987,9,30,historical,2.283326064,0.36257042879999996,1.1204780976,1.551564
CESM2,1987,10,31,historical,1.3144629888000001,1.0378082016,0.9353356415999999,0.87016195
CESM2,1987,11,30,historical,0.5359167792,1.031358096,0.38803802112,0.8173026
CESM2,1987,12,31,historical,0.27839956608,1.0324599552,0.29084367168,0.77353287
CESM2,1988,1,31,historical,0.25414357824,0.7216544448000001,0.25372385568,0.7321865
CESM2,1988,2,29,historical,0.39587814720000003,0.976183056,0.28063915776,0.6947433
CESM2,1988,3,31,historical,0.8286948,1.0968422112,0.3696748848,0.6612797
CESM2,1988,4,30,historical,1.7270983296,1.4266098431999998,0.6888290112,0.68449354
CESM2,1988,5,31,historical,4.06515888,1.3911675263999999,1.5670258272000002,1.1424425
CESM2,1988,6,30,historical,7.699815072000001,1.3383309888,3.3839016192000004,2.2894096
CESM2,1988,7,31,historical,7.189096896000001,1.1125431648,3.752120448,2.5281718
CESM2,1988,8,31,historical,3.9000663648,0.8818253568000001,2.2523021568,1.9559805
CESM2,1988,9,30,historical,1.783551744,1.8837847296,0.072472212,0.7657353
CESM2,1988,10,31,historical,0.9649844064,1.5268401504,0.53338256352,0.7682785
CESM2,1988,11,30,historical,0.5359715136000001,1.1818715616,0.42592525055999997,0.783424
CESM2,1988,12,31,historical,0.343814544,0.8352578303999999,0.29248236864,0.7817162
CESM2,1989,1,31,historical,0.16990229088,0.22603019327999999,0.16574982912000003,0.62050414
CESM2,1989,2,28,historical,5.3273727647999996e-5,0.6472045151999999,2.3271720767999997e-5,1.957658e-4
CESM2,1989,3,31,historical,0.776283264,0.8236612656000001,0.42625411488,1.1537485
CESM2,1989,4,30,historical,1.7904092256000002,1.1596689648,0.90374154624,1.7041503
CESM2,1989,5,31,historical,4.231940256,1.3779022752,2.19173472,1.9265195
CESM2,1989,6,30,historical,8.228543327999999,1.4131215072,3.8375052480000003,2.8999815
CESM2,1989,7,31,historical,8.246661408,0.953321184,4.3680577536,3.3858147
CESM2,1989,8,31,historical,5.116055472,0.8043957504000001,3.155228208,2.9497447
CESM2,1989,9,30,historical,2.1829864608,0.28825759872,0.9128257632,1.7475938
CESM2,1989,10,31,historical,0.63130536,0.20534664672,0.50407689312,0.61927694
CESM2,1989,11,30,historical,4.188152736e-4,0.53664895008,1.9198550016e-4,9.3153026e-4
CESM2,1989,12,31,historical,0.26310814848,0.8692117344,0.38164100832000003,1.401504
CESM2,1990,1,31,historical,0.29498701824,0.7717002624,0.38878571808,2.0109558
CESM2,1990,2,28,historical,0.18505534752,0.5797037375999999,0.2225255328,1.0691309
CESM2,1990,3,31,historical,0.22611988512,1.1611342655999999,0.16400839392,0.3699416
CESM2,1990,4,30,historical,1.5372838368,1.800661968,1.0588208544,1.0183586
CESM2,1990,5,31,historical,4.063217299200001,2.1454263072,1.9677771936000001,1.3611566
CESM2,1990,6,30,historical,8.145340128,1.9059984288,3.8063492352000003,2.4394464
CESM2,1990,7,31,historical,7.080202656000001,0.9652077504000001,4.1588827488,2.7597651
CESM2,1990,8,31,historical,4.594968864,1.0582418016000001,2.3454514656,2.2109559
CESM2,1990,9,30,historical,2.3923596672,1.4349845952,0.6398730432,1.1906558
CESM2,1990,10,31,historical,1.2227447232,1.7756592768,0.6734318399999999,0.74208724
CESM2,1990,11,30,historical,0.6175842019200001,1.2767416992,0.38165719967999995,0.7088092
CESM2,1990,12,31,historical,0.2739895632,0.9890576928,0.25886659104,0.6774346
CESM2,1991,1,31,historical,0.3094307136,0.8346029702400001,0.27195512831999996,0.6442739
CESM2,1991,2,28,historical,0.5379041088000001,0.9700058015999999,0.30000668544,0.61376345
CESM2,1991,3,31,historical,0.8470809792,1.0986782112,0.36459179999999997,0.58805233
CESM2,1991,4,30,historical,1.6997201568,1.1749651775999999,0.6166845187200001,0.620012
CESM2,1991,5,31,historical,4.54072824,1.592166672,1.5279662016,1.1645981
CESM2,1991,6,30,historical,7.431921504,1.2836127456,2.989946304,2.234825
CESM2,1991,7,31,historical,7.584178176,1.1769080544,3.8270059200000004,2.4155114
CESM2,1991,8,31,historical,3.0405340223999997,0.638617608,1.8078649632,1.7597125
CESM2,1991,9,30,historical,1.7171643168000001,0.5156246592,0.34725409344,0.96218896
CESM2,1991,10,31,historical,1.1174575104,0.9055244880000001,0.7429146336,0.7484432
CESM2,1991,11,30,historical,0.6411742704,0.956760768,0.43473703104,0.75972813
CESM2,1991,12,31,historical,0.2911046688,0.8161623071999999,0.28635332544000003,0.75745976
CESM2,1992,1,31,historical,0.30077780544,0.73182312,0.2622506112,0.7412758
CESM2,1992,2,29,historical,0.5234246179200001,0.8639013312,0.3027393792,0.7201724
CESM2,1992,3,31,historical,0.8296999775999999,1.1724378048000001,0.4158616032,0.6992305
CESM2,1992,4,30,historical,1.7004537792,1.4897944224000002,0.7080240672,0.74876714
CESM2,1992,5,31,historical,4.363656624,1.2509973504,1.7034808032000002,1.1937876
CESM2,1992,6,30,historical,7.382943936,1.6278975648,3.09026448,2.2873902
CESM2,1992,7,31,historical,7.968088799999999,1.2812600736,3.920276448,2.5418868
CESM2,1992,8,31,historical,4.4175535488,0.934462224,2.4762510432,2.0602102
CESM2,1992,9,30,historical,1.7171985312,1.0648695456000001,0.16274144159999998,0.994249
CESM2,1992,10,31,historical,1.131585984,1.5281098848,0.59388221952,0.8312302
CESM2,1992,11,30,historical,0.6065607456000001,1.1866242528,0.42374503296000005,0.8453079
CESM2,1992,12,31,historical,0.22219449119999998,0.7607300544,0.25479994176,0.843417
CESM2,1993,1,31,historical,0.036280598112000004,0.09727625664,0.05397510816,0.5272846
CESM2,1993,2,28,historical,0.008107601472,0.6043408704,0.012192042240000001,0.04878578
CESM2,1993,3,31,historical,0.8358349824,0.9198903456,0.54485173152,1.4804767
CESM2,1993,4,30,historical,2.0355574752,1.4668877952,1.1240420544,1.843702
CESM2,1993,5,31,historical,5.409624096,1.4817239712,2.810269728,2.204411
CESM2,1993,6,30,historical,8.826152256,1.3374334656,4.2506265024,3.2626274
CESM2,1993,7,31,historical,8.777094336000001,1.31634504,4.8205742976,3.4401274
CESM2,1993,8,31,historical,4.1879952288,0.680778648,2.7126093888,2.597899
CESM2,1993,9,30,historical,2.1081066048,1.6995108096000002,0.5486244652800001,1.4736152
CESM2,1993,10,31,historical,1.056427056,1.4938039872000002,0.62532425088,1.1876479
CESM2,1993,11,30,historical,0.5890480272,1.263082896,0.50588908128,1.092656
CESM2,1993,12,31,historical,0.27438051456,0.8507908223999999,0.27186637824,1.0144325
CESM2,1994,1,31,historical,0.25748692992,0.47450010816,0.24592828608,0.92008686
CESM2,1994,2,28,historical,0.014812642368,0.42966802944,0.021399347232,0.08274279
CESM2,1994,3,31,historical,0.890246592,0.7616791584,0.4889735856,1.3365008
CESM2,1994,4,30,historical,2.3874601824,1.3254401087999998,1.56266496,1.8246119
CESM2,1994,5,31,historical,5.990805792,1.3294126944000002,3.1533995519999998,2.2671747
CESM2,1994,6,30,historical,9.12115728,1.248522336,4.3996160448,3.2349722
CESM2,1994,7,31,historical,6.3080608896,0.4934739456,4.3641376128000005,3.2516193
CESM2,1994,8,31,historical,3.907494432,0.910170432,2.2350761568,2.446275
CESM2,1994,9,30,historical,1.9990355904,1.6914127104,0.52441401024,1.2995878
CESM2,1994,10,31,historical,1.3134231647999999,1.667158416,0.7659502992,1.1257303
CESM2,1994,11,30,historical,0.63948690432,1.1652056927999999,0.46281787776000005,1.0299813
CESM2,1994,12,31,historical,0.33778351296000003,0.9064253376,0.304351344,0.95353246
CESM2,1995,1,31,historical,0.23528462688,0.52240449312,0.203535504,0.88561666000000006
CESM2,1995,2,28,historical,0.59590915488,0.9708856992,0.36725524416000005,0.82930607
CESM2,1995,3,31,historical,1.0488389759999999,1.2999051936000001,0.490852656,0.7842456
CESM2,1995,4,30,historical,1.6687416959999999,1.3456217663999999,0.6483116879999999,0.799484
CESM2,1995,5,31,historical,4.2629414400000005,1.3194371232,1.5827519232,1.2291679
CESM2,1995,6,30,historical,8.285357376,1.2633516,3.5150865408,2.4893224
CESM2,1995,7,31,historical,5.943825792,0.8692854336000001,2.8072025280000004,2.5618174
CESM2,1995,8,31,historical,2.1168861408,0.6102739324800001,0.9272981088,1.387755
CESM2,1995,9,30,historical,1.7266822272,1.6336958687999998,1.05719472,0.83415824
CESM2,1995,10,31,historical,1.2173212224,1.7675412192,0.7546898304,0.85460275
CESM2,1995,11,30,historical,0.64085449536,1.0658458656,0.41680912608,0.86523676
CESM2,1995,12,31,historical,0.36895864608,0.7160153760000001,0.2893693248,0.8609266
CESM2,1996,1,31,historical,0.3166055424,0.7243476191999999,0.27474146784000003,0.8427384
CESM2,1996,2,29,historical,0.29008604736,0.5258482848,0.21034311552,0.8183218
CESM2,1996,3,31,historical,1.1299056768,1.0879705728,0.50708688768,0.79242414
CESM2,1996,4,30,historical,1.8582375456,1.3224085056000001,0.7640774928,0.82920665
CESM2,1996,5,31,historical,4.6337247072,1.2606689664,1.6217647199999998,1.3220681
CESM2,1996,6,30,historical,8.029572768,0.9438243552,3.3396627455999996,2.4789293
CESM2,1996,7,31,historical,4.734356256,0.59260893408,3.183093504,2.604219
CESM2,1996,8,31,historical,2.8120454208,0.7169168736,0.9572608944000001,1.7656564
CESM2,1996,9,30,historical,1.6569417024,0.8903411136,1.1904967871999999,0.87231994
CESM2,1996,10,31,historical,1.0948644288,1.4216287104,0.6712583616000001,0.884452
CESM2,1996,11,30,historical,0.5562365471999999,1.119477456,0.38722449600000003,0.8881438
CESM2,1996,12,31,historical,0.41542591391999995,0.9389153664,0.3346013664,0.8790965
CESM2,1997,1,31,historical,0.17706658751999999,0.21500600256,0.17222844671999998,0.80681026
CESM2,1997,2,28,historical,0.04189318272,0.59925461472,0.04696762752,0.20574488
CESM2,1997,3,31,historical,1.0864568448,1.1505964896,0.6367851676799999,1.5970942
CESM2,1997,4,30,historical,2.1854065248,1.3500486432,1.2581500608,1.801649
CESM2,1997,5,31,historical,5.237033529600001,1.3654840032,2.4742750752,2.2110739
CESM2,1997,6,30,historical,8.648996832,1.330152192,3.91508208,3.3246508
CESM2,1997,7,31,historical,8.244656063999999,1.2121437888,4.225217472,3.4191391
CESM2,1997,8,31,historical,4.28019552,1.0884899231999998,1.6793409888,2.5402427
CESM2,1997,9,30,historical,1.9664017055999998,1.9009921535999998,1.0935357695999999,1.326674
CESM2,1997,10,31,historical,1.2807457776,1.3463532288000002,0.769732416,1.2234963
CESM2,1997,11,30,historical,0.6962559551999999,1.0218076128,0.5091660863999999,1.1367657
CESM2,1997,12,31,historical,0.28816078752,0.7078745952000001,0.26276311008000003,1.0630702
CESM2,1998,1,31,historical,0.12226046687999999,0.3313765296,0.14883370272,0.76613003
CESM2,1998,2,28,historical,3.3041479392e-5,0.2177771616,1.8310185216e-5,2.1893565e-4
CESM2,1998,3,31,historical,1.5881301504e-4,1.0913430240000002,3.497445216e-5,2.1858205e-4
CESM2,1998,4,30,historical,0.16160945472,1.426530528,0.058709951712000004,0.032566756
CESM2,1998,5,31,historical,5.031418896,1.4075444736,1.872934272,1.7861271
CESM2,1998,6,30,historical,8.932638528,1.3389679296,4.1164539552,3.4815257
CESM2,1998,7,31,historical,8.243489664,0.6125753088,5.045045472,3.7298553
CESM2,1998,8,31,historical,3.5356835232000003,0.41287822848,1.9638986112,2.89143
CESM2,1998,9,30,historical,0.4495031712,1.9413729216000002,0.40642646400000004,0.3229815
CESM2,1998,10,31,historical,1.5212710656000001,1.4494530527999998,1.3357338048,1.8674836
CESM2,1998,11,30,historical,0.7713456336,1.0308917952,0.7232378976,1.9838864
CESM2,1998,12,31,historical,0.4402541376,1.010526192,0.5494254624,1.901743
CESM2,1999,1,31,historical,0.5224118112,1.038374208,0.5789492928,1.7420822
CESM2,1999,2,28,historical,0.62007943392,0.9088088975999999,0.44199186624,1.541422
CESM2,1999,3,31,historical,1.0551451392,1.0696914432,0.57330955008,1.3158319
CESM2,1999,4,30,historical,1.9440310176000002,1.1627912448,0.7758340704000001,1.1427832
CESM2,1999,5,31,historical,4.890392928,1.3851546048,1.846332144,1.470459
CESM2,1999,6,30,historical,7.753237488,1.2918184992,3.216115584,2.4624507
CESM2,1999,7,31,historical,7.340217408,1.238470776,3.5568523008,2.6344712
CESM2,1999,8,31,historical,4.8469230144,1.1385722016,2.3527370592000003,2.1146283
CESM2,1999,9,30,historical,2.268830304,1.615851072,0.46453443839999997,1.0948457
CESM2,1999,10,31,historical,1.2847812191999999,1.4211875520000001,0.6779278368,0.79298383
CESM2,1999,11,30,historical,0.56936557152,1.2450359232000001,0.3929291856,0.80102324
CESM2,1999,12,31,historical,0.25795570176,0.7095062592,0.23679976319999999,0.7948611
CESM2,2000,1,31,historical,0.08260306560000001,0.46060272,0.10253846591999999,0.4191112
CESM2,2000,2,29,historical,0.22237212096,1.1362097664,0.19940549759999998,0.60214907
CESM2,2000,3,31,historical,1.5471177120000001,1.328540832,0.8527618656,1.6948849
CESM2,2000,4,30,historical,1.9627946784,1.1867427936,0.9400866912,1.7514155
CESM2,2000,5,31,historical,4.7308279392,1.480349952,2.2453609536,2.0750875
CESM2,2000,6,30,historical,9.6847208064,1.2651106176,4.587604128000001,3.09235
CESM2,2000,7,31,historical,8.59249296,1.2342673728,4.274406288,3.1697662
CESM2,2000,8,31,historical,3.2529140352,0.61218146304,2.6915023008000003,2.2155693
CESM2,2000,9,30,historical,2.097013104,0.6173613504000001,0.8361487008,1.3278912
CESM2,2000,10,31,historical,1.2254100768,1.0315617408,0.9173246976,1.0872679
CESM2,2000,11,30,historical,0.5099050656,1.169890992,0.3987212256,1.0123013
CESM2,2000,12,31,historical,0.23301705888,0.6383212992,0.23086904256000002,0.9493863
CESM2,2001,1,31,historical,0.058487707584,0.7090459200000001,0.07682627952,0.25965777
CESM2,2001,2,28,historical,3.6832491072e-5,0.58626153216,1.992546e-5,2.071807e-4
CESM2,2001,3,31,historical,0.9794628864,1.1792034432,0.55545370272,1.1822376000000001
CESM2,2001,4,30,historical,2.2101995232,1.4790327840000002,1.3744207008,1.8375136
CESM2,2001,5,31,historical,5.7540167424,1.5543621792000002,2.9240605152,2.2063618
CESM2,2001,6,30,historical,9.635004863999999,1.2869620416,4.670957664,3.2610474
CESM2,2001,7,31,historical,8.730872064,1.1745362016,4.4911250496,3.2930062
CESM2,2001,8,31,historical,4.570519392,0.6668841888,3.0194935488,2.6914177
CESM2,2001,9,30,historical,2.213091072,1.1304201887999998,0.6875149536,1.5016373
CESM2,2001,10,31,historical,1.4168748960000002,1.4641369056,0.9639261792,1.2033526
CESM2,2001,11,30,historical,0.60861277152,1.4196476448000002,0.46399087008,1.1100494
CESM2,2001,12,31,historical,0.32301723456000003,0.9788437872,0.3022682832,1.0328945
CESM2,2002,1,31,historical,0.14997019968,0.19855757663999998,0.17333383104000002,0.7753366
CESM2,2002,2,28,historical,4.124248704e-5,0.408532032,2.053105056e-5,2.13171e-4
CESM2,2002,3,31,historical,0.8720655263999999,1.3066098336,0.49465527552,1.2527499
CESM2,2002,4,30,historical,2.2315276224,1.6578773279999999,1.3732436736,1.8907571
CESM2,2002,5,31,historical,5.9140368,1.787804352,2.9094187392,2.3020911
CESM2,2002,6,30,historical,9.318699648,1.1565573120000001,4.7103825888,3.3182323
CESM2,2002,7,31,historical,5.962825584,0.6679597824,4.28393016,3.304443
CESM2,2002,8,31,historical,3.4845427584,0.52904407392,1.5624291743999998,2.4145849
CESM2,2002,9,30,historical,1.0891414224,0.6702262271999999,0.8745755328,0.8346624
CESM2,2002,10,31,historical,0.45994386816000005,2.0709735264,0.3969527904,0.6549563
CESM2,2002,11,30,historical,0.733115232,1.4303284128,0.69136416,1.942875
CESM2,2002,12,31,historical,0.23731138944,0.6831844128000001,0.35195758848,1.950945
CESM2,2003,1,31,historical,0.12415592736,0.18124775999999998,0.2056405968,1.1687443
CESM2,2003,2,28,historical,0.011483586432,0.8782146144,0.015684136704000002,0.026147548
CESM2,2003,3,31,historical,0.58482506304,1.544063904,0.39847170239999996,0.8347557
CESM2,2003,4,30,historical,1.8937575359999999,1.6583075135999998,0.9685882800000001,1.053176
CESM2,2003,5,31,historical,4.031646911999999,1.738833696,1.6639964352,1.371371
CESM2,2003,6,30,historical,8.265744576,1.751215248,3.4001720352,2.503357
CESM2,2003,7,31,historical,8.188184592,1.3141231776000002,4.0339498176,2.7520013
CESM2,2003,8,31,historical,5.198764896,1.3981382783999998,1.9069038144,2.1035116
CESM2,2003,9,30,historical,1.9488836736,1.319631264,0.9826106112,0.81689906
CESM2,2003,10,31,historical,1.4899925376,1.3612239648000002,0.8051885568000001,0.79675174
CESM2,2003,11,30,historical,0.56266759296,0.9951220223999999,0.38318617728000004,0.7819057
CESM2,2003,12,31,historical,0.26122613184,0.8735733792,0.2553224544,0.76101
CESM2,2004,1,31,historical,0.36164380607999996,0.8834380128,0.28772485632,0.7326261
CESM2,2004,2,29,historical,0.42339214080000004,0.6971677344,0.24424090271999999,0.7034508
CESM2,2004,3,31,historical,0.7191280224000001,0.8795799935999999,0.31963940928,0.6763349
CESM2,2004,4,30,historical,1.740275712,1.2826830816,0.6602920416,0.683495
CESM2,2004,5,31,historical,4.617417744,1.4183618399999998,1.6003932479999998,1.1372409
CESM2,2004,6,30,historical,8.024556384,1.349990496,3.273371568,2.3273199
CESM2,2004,7,31,historical,7.6591336320000005,1.18989432,3.714021936,2.5002203
CESM2,2004,8,31,historical,3.6914733504,1.0354438656,1.3896999360000002,1.6831919
CESM2,2004,9,30,historical,2.0104248384,1.4725681631999998,1.114992,0.822028
CESM2,2004,10,31,historical,1.3784617152,1.3317659712,0.8008768079999999,0.8595195
CESM2,2004,11,30,historical,0.6619180896,0.9262392336,0.42706980864,0.8815463
CESM2,2004,12,31,historical,0.46139756544000005,0.957758256,0.3935869488,0.8843642
CESM2,2005,1,31,historical,0.42522995519999995,0.941175504,0.38008942848,0.87195027
CESM2,2005,2,28,historical,0.5692510656,0.8676340704,0.37037854368,0.8514807
CESM2,2005,3,31,historical,1.0875946464,1.0022609088,0.49707273024,0.82920194
CESM2,2005,4,30,historical,2.042416944,1.1681997983999999,0.7815810528,0.8618695
CESM2,2005,5,31,historical,4.5646946496,1.3213935648000001,1.831390992,1.3383776
CESM2,2005,6,30,historical,7.879743936,1.4452972128,3.252068352,2.4354966
CESM2,2005,7,31,historical,7.206186816000001,0.9330128639999999,3.7993420224,2.6058953
CESM2,2005,8,31,historical,2.9310123456,0.64557648,1.148923872,1.7201709
CESM2,2005,9,30,historical,1.9160813952000002,1.6292994048,1.2370428864,0.9417323
CESM2,2005,10,31,historical,1.3898221056,1.6321637376,0.7511285952000001,0.9635443
CESM2,2005,11,30,historical,0.6531492672,1.12480430976,0.45426104640000003,0.97551453
CESM2,2005,12,31,historical,0.349398576,0.7444532448000001,0.30061397376,0.9696834
CESM2,2006,1,31,historical,0.24085557792,0.5402467584,0.24257235456,0.9483628
CESM2,2006,2,28,historical,0.1264547808,0.4721750496,0.12281855904,0.4196844
CESM2,2006,3,31,historical,0.568435968,1.0397469312,0.31982984352,0.7819935
CESM2,2006,4,30,historical,2.1736111104,1.1526179904,1.1668527792,1.9784546
CESM2,2006,5,31,historical,5.1364590048,1.4011698816,2.7214717824,2.2960045
CESM2,2006,6,30,historical,8.787615696,1.28871216,4.112292672,3.2961094
CESM2,2006,7,31,historical,7.639330406399999,0.60976085472,4.7624291712,3.536353
CESM2,2006,8,31,historical,2.9036841983999997,0.19141551936,2.548577088,2.6584587
CESM2,2006,9,30,historical,0.40923683136,1.4654429279999999,-0.7031918015999999,0.33058143
CESM2,2006,10,31,historical,1.4449781376,1.6116232608,1.3283495424,1.8883749
CESM2,2006,11,30,historical,0.6986268576000001,1.2975995232000002,0.6688143648,2.1159694
CESM2,2006,12,31,historical,0.28133327807999997,0.7046884224,0.41626969632,2.0541956
CESM2,2007,1,31,historical,0.4072335696,0.7606225728,0.41813958240000004,1.9238158
CESM2,2007,2,28,historical,0.7036781471999999,0.9047788128,0.51143021568,1.744075
CESM2,2007,3,31,historical,1.1790235584,0.9821040480000001,0.5582983104,1.5177543
CESM2,2007,4,30,historical,2.2867562304,1.0359239904,0.9285852096,1.3256186
CESM2,2007,5,31,historical,4.96675152,1.2679724016,2.135029536,1.6683586
CESM2,2007,6,30,historical,6.494094432000001,0.7260613631999999,3.066151968,2.4870772
CESM2,2007,7,31,historical,3.8395209599999998,0.8349268838399999,2.2415541696,2.1733432
CESM2,2007,8,31,historical,2.134900368,0.9197677872,0.8683860095999999,1.3696505
CESM2,2007,9,30,historical,1.6594440192,0.5446354464000001,1.1616061824,0.81422985
CESM2,2007,10,31,historical,0.25551470304,1.91582064,0.19016296991999998,0.2142372
CESM2,2007,11,30,historical,0.519261408,1.265778576,0.51893959392,1.5133152
CESM2,2007,12,31,historical,0.26915430815999997,0.7553716128,0.33218999423999995,1.7501974
CESM2,2008,1,31,historical,0.33521284512000005,0.55278730368,0.33509113344,1.7089264
CESM2,2008,2,29,historical,0.7181257824,0.7482007584,0.45846917568,1.6378134
CESM2,2008,3,31,historical,1.3133921472,0.9563205600000001,0.5870073888,1.5240105
CESM2,2008,4,30,historical,2.2907945664,1.2631269600000001,0.9388864224000001,1.4236312
CESM2,2008,5,31,historical,5.184603072,1.2029691456,1.7860432607999999,1.7851393
CESM2,2008,6,30,historical,6.643610064,0.7822590336,3.0964746528,2.7076056
CESM2,2008,7,31,historical,5.6294568,0.9434368944,2.9345746176,2.6431699
CESM2,2008,8,31,historical,3.14681328,1.038811824,1.5148206143999998,1.9747552
CESM2,2008,9,30,historical,1.7865440352000002,0.9859424111999999,0.3530599488,1.0567739
CESM2,2008,10,31,historical,1.2341291328,1.5484669344,0.6568247232,0.9012959
CESM2,2008,11,30,historical,0.7886960063999999,1.2647717136,0.5558864544000001,0.8961275
CESM2,2008,12,31,historical,0.43345373184,1.0758116736,0.3676720896,0.88371134
CESM2,2009,1,31,historical,0.39767772960000003,0.8308744128,0.2868474816,0.8609505
CESM2,2009,2,28,historical,0.49356336959999997,0.6451610688,0.27166351968,0.8343856
CESM2,2009,3,31,historical,0.5328660816,0.9862292592,0.24609076128000001,0.5075996
CESM2,2009,4,30,historical,1.2038096448,1.3594129343999999,0.5589270432,0.7276226
CESM2,2009,5,31,historical,5.466196224,1.1155707936,2.3928092928,2.1570892
CESM2,2009,6,30,historical,7.565292,0.58985604864,4.203064512,3.1689482
CESM2,2009,7,31,historical,6.1055398080000005,0.7019423712,3.9878110080000004,3.1241167
CESM2,2009,8,31,historical,5.4059481216,1.3699053503999998,2.4997499424000003,2.5449102
CESM2,2009,9,30,historical,2.4273432,1.1861408448,0.9265762368,1.6677421
CESM2,2009,10,31,historical,1.2080555136,1.515484944,0.7136105184,1.3868332
CESM2,2009,11,30,historical,0.659111904,1.0866783744000001,0.48718085472,1.2760258
CESM2,2009,12,31,historical,0.22061128032,0.6168604464,0.23877103104,1.1633139
CESM2,2010,1,31,historical,0.1051513056,0.24912970848,0.14738089536,1.0261878
CESM2,2010,2,28,historical,0.003577701744,0.18557783424,0.006025494528000001,0.059737865
CESM2,2010,3,31,historical,0.6080186592,0.8930474208000001,0.3406296672,0.72677755
CESM2,2010,4,30,historical,2.707761312,1.6431502752,1.5669808992,1.9167358
CESM2,2010,5,31,historical,5.766761952,1.3899199104,2.9781348192,2.347601
CESM2,2010,6,30,historical,8.5887074304,1.3150302048,4.2381218304,3.2028291
CESM2,2010,7,31,historical,7.461211104,1.0936664064,4.2986783808,3.3108008
CESM2,2010,8,31,historical,3.426728544,0.3713443488,2.86512768,2.6698527
CESM2,2010,9,30,historical,1.2172670496,0.63212671296,-0.11646543744,0.8924431
CESM2,2010,10,31,historical,0.12482633088,0.988620768,0.10242360576000001,0.17920263
CESM2,2010,11,30,historical,0.8200357488,1.3110523488,0.8122550399999999,1.9094822
CESM2,2010,12,31,historical,0.399523968,1.0793024928000001,0.56389637376,2.136227
CESM2,2011,1,31,historical,0.32008516416,0.7159790016,0.4350964896,2.0693908
CESM2,2011,2,28,historical,0.15097537728000002,0.9452594592000001,0.19007445312000001,0.906504
CESM2,2011,3,31,historical,0.51558718752,1.5010728192,0.3602136096,0.5865908
CESM2,2011,4,30,historical,2.0930652288,1.7449642944,1.0516239936,1.1659294
CESM2,2011,5,31,historical,5.255553024,1.590739344,2.0525992704,1.6545795
CESM2,2011,6,30,historical,8.108904384,1.1973836448000001,3.5679763872,2.6493943
CESM2,2011,7,31,historical,5.55018048,0.873088416,3.1294550880000003,2.5455804
CESM2,2011,8,31,historical,2.7481276512000004,0.9091693152,1.167000912,1.2903607
CESM2,2011,9,30,historical,1.943606016,1.0295763552,1.2390655968,0.87599784
CESM2,2011,10,31,historical,1.48755744,0.9902631024,0.9938877984,0.82839787
CESM2,2011,11,30,historical,0.6746799744,0.9932468832,0.48841208927999996,0.7886503
CESM2,2011,12,31,historical,0.24287270688,0.7053120576,0.20943288288,0.75235325
CESM2,2012,1,31,historical,0.29095776287999997,0.59173549056,0.22822246368000002,0.7115781
CESM2,2012,2,29,historical,0.4436722944,0.6790214880000001,0.26232955488,0.6767622
CESM2,2012,3,31,historical,1.03473288,0.9949881024,0.4183662528,0.64825976
CESM2,2012,4,30,historical,1.9053290016,1.510110432,0.7403700672,0.66821176
CESM2,2012,5,31,historical,4.622025888,1.489087584,1.5461311968,1.1400406
CESM2,2012,6,30,historical,7.693780032,1.4512500000000002,3.0228488928,2.1607745
CESM2,2012,7,31,historical,6.651848736000001,1.5472377216,3.1292874719999997,2.2682288
CESM2,2012,8,31,historical,3.814402752,1.4310406944,1.0576278432000001,1.3773764
CESM2,2012,9,30,historical,1.8915295392,1.8079980192,0.92834532,0.82848424
CESM2,2012,10,31,historical,1.2763929887999999,1.2984402816,0.6505358832,0.87335324
CESM2,2012,11,30,historical,0.6115792032,0.92981952,0.3908927808,0.89958745
CESM2,2012,12,31,historical,0.29740077504,0.7473934368,0.26675823744,0.9039363
CESM2,2013,1,31,historical,0.1655564832,0.42562900224000005,0.19418345568,0.7493765
CESM2,2013,2,28,historical,0.09579390912,0.974876256,0.09239874336000001,0.19153355
CESM2,2013,3,31,historical,1.2237047136,1.0216624608,0.7532592624,1.8239632
CESM2,2013,4,30,historical,2.4688787904000002,1.2847689504,1.2907251071999999,2.0689833
CESM2,2013,5,31,historical,6.08544144,1.0842367536,2.8550212127999997,2.4258707
CESM2,2013,6,30,historical,8.998697376,0.9011133792,4.6598922432,3.31114
CESM2,2013,7,31,historical,4.8879247392,0.29372075712,4.334916528,3.1929333
CESM2,2013,8,31,historical,0.9060256512,0.4384520064,-0.27583741728,0.9266973
CESM2,2013,9,30,historical,8.020454976e-4,0.5931114192,3.1134718656e-4,5.096572e-4
CESM2,2013,10,31,historical,0.8331859584,1.4981050656000001,0.5957254080000001,0.9631088
CESM2,2013,11,30,historical,0.7465856832,0.8818130016,0.7077575664,2.0865889
CESM2,2013,12,31,historical,0.46793542752,0.8306954784,0.50444332416,2.0636714
CESM2,2014,1,31,historical,0.4396626432,0.6397377408,0.45252432,1.9383192
CESM2,2014,2,28,historical,0.19773958464,0.55896119712,0.21165229152,1.080184
CESM2,2014,3,31,historical,0.64228659264,1.33059888,0.39713633856,0.47741494
CESM2,2014,4,30,historical,2.260381248,1.738161504,1.2109518144,1.2211272
CESM2,2014,5,31,historical,5.1847089120000005,1.548306576,2.0970273600000002,1.6880429
CESM2,2014,6,30,historical,8.383116384,1.0727379936,4.0129044192,2.6630578
CESM2,2014,7,31,historical,5.103789264,0.4371514272,3.7574178912,2.646716
CESM2,2014,8,31,historical,2.911156416,0.4945083264,1.2988698624,1.7924681
CESM2,2014,9,30,historical,0.7594140960000001,0.63296849088,0.54498617856,0.39218774
CESM2,2014,10,31,historical,1.1198778336000001,0.7395249024,0.8466136416,0.8793976
CESM2,2014,11,30,historical,0.9833831136,0.8182006991999999,0.9407531807999999,1.6316565
CESM2,2014,12,31,historical,0.4546965888,1.180152504,0.51126971904,1.6047734
CESM2,2015,1,31,ssp370,0.15853673376,NA,NA,0.64955723
CESM2,2015,2,28,ssp370,0.0488126736,NA,NA,0.183505
CESM2,2015,3,31,ssp370,1.0302450048,NA,NA,2.0435717
CESM2,2015,4,30,ssp370,2.3229000288,NA,NA,2.3257313
CESM2,2015,5,31,ssp370,5.395617792,NA,NA,2.6120367
CESM2,2015,6,30,ssp370,8.988496992,NA,NA,3.5226207
CESM2,2015,7,31,ssp370,8.1472215744,NA,NA,3.559865
CESM2,2015,8,31,ssp370,4.0060307808,NA,NA,2.6257093
CESM2,2015,9,30,ssp370,2.2178178432,NA,NA,1.6256933
CESM2,2015,10,31,ssp370,1.2598943904,NA,NA,1.4774808
CESM2,2015,11,30,ssp370,0.6879019392,NA,NA,1.3537723
CESM2,2015,12,31,ssp370,0.30433184352,NA,NA,1.2527264
CESM2,2016,1,31,ssp370,0.3813924096,NA,NA,1.1632339
CESM2,2016,2,29,ssp370,0.46491180768,NA,NA,1.0881497
CESM2,2016,3,31,ssp370,1.0803453407999999,NA,NA,1.0248828
CESM2,2016,4,30,ssp370,2.1190188384,NA,NA,1.0097541
CESM2,2016,5,31,ssp370,4.5916228512,NA,NA,1.4143019
CESM2,2016,6,30,ssp370,7.598408256,NA,NA,2.3120449
CESM2,2016,7,31,ssp370,6.291513648,NA,NA,2.4504979
CESM2,2016,8,31,ssp370,4.8114590112,NA,NA,1.9839685
CESM2,2016,9,30,ssp370,2.61412272,NA,NA,1.3494068
CESM2,2016,10,31,ssp370,1.3612245696,NA,NA,1.1213498
CESM2,2016,11,30,ssp370,0.7048027296000001,NA,NA,1.1395094
CESM2,2016,12,31,ssp370,0.453384864,NA,NA,1.1354516
CESM2,2017,1,31,ssp370,0.377423712,NA,NA,1.1124018
CESM2,2017,2,28,ssp370,0.5317357535999999,NA,NA,1.0800412
CESM2,2017,3,31,ssp370,1.1520108576,NA,NA,1.0463711
CESM2,2017,4,30,ssp370,2.1009812832,NA,NA,1.048982
CESM2,2017,5,31,ssp370,4.4170949376,NA,NA,1.4323716
CESM2,2017,6,30,ssp370,8.151325488000001,NA,NA,2.414429
CESM2,2017,7,31,ssp370,5.2193051136,NA,NA,2.562647
CESM2,2017,8,31,ssp370,3.0814655039999996,NA,NA,1.9375709
CESM2,2017,9,30,ssp370,2.160707616,NA,NA,1.115632
CESM2,2017,10,31,ssp370,1.397907072,NA,NA,1.1337411
CESM2,2017,11,30,ssp370,0.63826882848,NA,NA,1.1388252
CESM2,2017,12,31,ssp370,0.36810523871999995,NA,NA,1.1256106
CESM2,2018,1,31,ssp370,0.25597111104000003,NA,NA,1.0961843
CESM2,2018,2,28,ssp370,0.5755912704,NA,NA,1.0591906
CESM2,2018,3,31,ssp370,0.7797451392,NA,NA,1.020683
CESM2,2018,4,30,ssp370,2.0761285824,NA,NA,1.027036
CESM2,2018,5,31,ssp370,4.7404782143999995,NA,NA,1.4490997
CESM2,2018,6,30,ssp370,7.346448576,NA,NA,2.248389
CESM2,2018,7,31,ssp370,6.083695296,NA,NA,2.3327763
CESM2,2018,8,31,ssp370,2.5160851584,NA,NA,1.5995264
CESM2,2018,9,30,ssp370,2.0370286944,NA,NA,1.0912856
CESM2,2018,10,31,ssp370,1.2319769087999999,NA,NA,1.1079302
CESM2,2018,11,30,ssp370,0.7128303696,NA,NA,1.1117333
CESM2,2018,12,31,ssp370,0.34417334592,NA,NA,1.0999177
CESM2,2019,1,31,ssp370,0.11157346944,NA,NA,0.5059023
CESM2,2019,2,28,ssp370,0.392555376,NA,NA,1.2413207
CESM2,2019,3,31,ssp370,1.2624594336,NA,NA,2.2655177
CESM2,2019,4,30,ssp370,1.904689728,NA,NA,2.2548347
CESM2,2019,5,31,ssp370,4.789970208,NA,NA,2.4542837
CESM2,2019,6,30,ssp370,9.134207136,NA,NA,3.4504333
CESM2,2019,7,31,ssp370,7.5316525919999995,NA,NA,3.450356
CESM2,2019,8,31,ssp370,3.240318384,NA,NA,2.2643402
CESM2,2019,9,30,ssp370,2.1191658912,NA,NA,1.5725657
CESM2,2019,10,31,ssp370,1.4188315968,NA,NA,1.4389346
CESM2,2019,11,30,ssp370,0.7141702176000001,NA,NA,1.3366976
CESM2,2019,12,31,ssp370,0.44043345216,NA,NA,1.250722
CESM2,2020,1,31,ssp370,0.28415039328,NA,NA,1.1693456
CESM2,2020,2,29,ssp370,0.039396701376,NA,NA,0.23585708
CESM2,2020,3,31,ssp370,1.0706365728,NA,NA,1.3643262
CESM2,2020,4,30,ssp370,3.1542354720000003,NA,NA,2.2348058
CESM2,2020,5,31,ssp370,5.9550482879999995,NA,NA,2.6817634
CESM2,2020,6,30,ssp370,8.914218479999999,NA,NA,3.5304613
CESM2,2020,7,31,ssp370,7.0437301056,NA,NA,3.4628751
CESM2,2020,8,31,ssp370,3.9481029503999996,NA,NA,2.3858604
CESM2,2020,9,30,ssp370,2.386767168,NA,NA,1.6385621
CESM2,2020,10,31,ssp370,1.6114759488,NA,NA,1.4874905
CESM2,2020,11,30,ssp370,0.8223602976000001,NA,NA,1.3556122
CESM2,2020,12,31,ssp370,0.41927220864000003,NA,NA,1.2489933
CESM2,2021,1,31,ssp370,0.30000459456,NA,NA,1.1568838
CESM2,2021,2,28,ssp370,0.5546877407999999,NA,NA,1.0799847
CESM2,2021,3,31,ssp370,1.1337594624,NA,NA,1.0155997
CESM2,2021,4,30,ssp370,2.2156708032,NA,NA,1.0064883
CESM2,2021,5,31,ssp370,5.294715552,NA,NA,1.4361224
CESM2,2021,6,30,ssp370,7.5186285696,NA,NA,2.2533455
CESM2,2021,7,31,ssp370,6.4096989120000005,NA,NA,2.2868445
CESM2,2021,8,31,ssp370,3.817338192,NA,NA,1.649244
CESM2,2021,9,30,ssp370,2.1674670336,NA,NA,1.0819968
CESM2,2021,10,31,ssp370,1.5792974784,NA,NA,1.1218336
CESM2,2021,11,30,ssp370,0.5947273152,NA,NA,1.1436262
CESM2,2021,12,31,ssp370,0.4581585072,NA,NA,1.1406481
