model,year,month,days_in_mo,scenario,gpp_gCm2d,rh_gCm2d,ra_gCm2d,lai_m2_m2,date
CESM2,1980,1,31,historical,0.073096989408,0.0065456653824000005,0.078131876832,0.38967577,1980-01-01
CESM2,1980,2,29,historical,0.12010324896,0.057182426496,0.09497767103999999,0.38501364,1980-02-01
CESM2,1980,3,31,historical,0.33056106048,0.584150184,0.14418441504,0.37921152,1980-03-01
CESM2,1980,4,30,historical,0.5573765951999999,0.9876314016000001,0.23827200192,0.37870196,1980-04-01
CESM2,1980,5,31,historical,3.4028517311999997,1.028565648,1.2410239392,1.1736447,1980-05-01
CESM2,1980,6,30,historical,6.052984416,0.8242778592,3.74845968,2.5214984,1980-06-01
CESM2,1980,7,31,historical,5.0954897664,0.62908570944,3.364193952,2.6312401,1980-07-01
CESM2,1980,8,31,historical,2.643790752,1.0220976576,1.6281273024,1.4877746,1980-08-01
CESM2,1980,9,30,historical,2.078515296,0.7950784608000001,1.2799070496,1.288179,1980-09-01
CESM2,1980,10,31,historical,1.4477643647999998,0.4467164688,0.9788664672,1.1757746,1980-10-01
CESM2,1980,11,30,historical,0.8726779296,0.39880924128,0.56940198048,1.1218634,1980-11-01
CESM2,1980,12,31,historical,0.3891365712,0.26805951648000004,0.3201926112,1.0813123,1980-12-01
CESM2,1981,1,31,historical,0.17055857664000001,0.044244826560000006,0.14491711296,0.62184525,1981-01-01
CESM2,1981,2,28,historical,0.12137779584,0.023739357311999998,0.09183442176,0.38867512,1981-02-01
CESM2,1981,3,31,historical,0.38765574432,0.6712562015999999,0.16442388288,0.38321498,1981-03-01
CESM2,1981,4,30,historical,0.5208198048,0.9243163584,0.21194282879999998,0.37974724,1981-04-01
CESM2,1981,5,31,historical,3.7633351680000002,0.9738966527999999,1.669363776,1.426934,1981-05-01
CESM2,1981,6,30,historical,7.219963296,0.8821806768,4.2335307072,2.8911035,1981-06-01
CESM2,1981,7,31,historical,6.539653152,0.8348950367999999,4.470769296,3.191658,1981-07-01
CESM2,1981,8,31,historical,3.6407914559999996,0.6457866048,2.1402397152000003,2.0262005,1981-08-01
CESM2,1981,9,30,historical,1.9899490752,0.43769393279999996,1.33073496,1.5312598,1981-09-01
CESM2,1981,10,31,historical,0.3531518352,0.53653195584,0.22234017888000002,0.4333955,1981-10-01
CESM2,1981,11,30,historical,0.70329276,0.6823676736,0.5393762352,1.5310289,1981-11-01
CESM2,1981,12,31,historical,0.5784338304000001,0.24364166688,0.51127271712,1.8788327,1981-12-01
CESM2,1982,1,31,historical,0.1065222144,0.025249917888,0.11807252064000001,0.56965107,1982-01-01
CESM2,1982,2,28,historical,0.13384499616,0.09965701728,0.09671531328,0.38794312,1982-02-01
CESM2,1982,3,31,historical,0.35117010431999995,0.6931534175999999,0.18938242368,0.38168827,1982-03-01
CESM2,1982,4,30,historical,0.5307485472,1.1611516320000002,0.30768073344,0.37654147,1982-04-01
CESM2,1982,5,31,historical,2.8236986208,1.360828512,1.2567041568000001,1.084745,1982-05-01
CESM2,1982,6,30,historical,6.017077872000001,1.3817639232,3.570537024,2.281612,1982-06-01
CESM2,1982,7,31,historical,6.2581728384,1.308162096,4.0003729632,2.674174,1982-07-01
CESM2,1982,8,31,historical,3.7744121664000003,1.256773536,1.8642056256,1.9047627,1982-08-01
CESM2,1982,9,30,historical,2.2422593664,0.9714757248,1.2531967488,1.3801701,1982-09-01
CESM2,1982,10,31,historical,1.4161316832,0.6954370559999999,0.7606666367999999,1.2396338,1982-10-01
CESM2,1982,11,30,historical,0.45868366367999996,0.5245251552,0.29683674720000003,1.0978128,1982-11-01
CESM2,1982,12,31,historical,0.31015881504000004,0.1667682864,0.26665206912,0.9350118,1982-12-01
CESM2,1983,1,31,historical,0.12998295936,0.05973189696,0.10807807104,0.39601573,1983-01-01
CESM2,1983,2,28,historical,0.230884992,0.39167012160000003,0.12861016704,0.3919727,1983-02-01
CESM2,1983,3,31,historical,0.3638268576,0.8140858559999999,0.15197268384,0.3876719,1983-03-01
CESM2,1983,4,30,historical,0.4889547936,0.9178096608,0.19658883168000002,0.38488707,1983-04-01
CESM2,1983,5,31,historical,1.5337541376,1.049118048,0.5400731376,0.6515498,1983-05-01
CESM2,1983,6,30,historical,7.0456024799999994,1.0369679616,3.464345376,2.5324795,1983-06-01
CESM2,1983,7,31,historical,7.160560704,0.7407342432,4.603467168,3.1638422,1983-07-01
CESM2,1983,8,31,historical,4.546891584,0.48848031072,2.7948001536,2.5233,1983-08-01
CESM2,1983,9,30,historical,1.8274411296,0.56016703008,1.1856076704,1.3845993,1983-09-01
CESM2,1983,10,31,historical,0.9026903519999999,0.9056609567999999,0.567147744,1.1101797,1983-10-01
CESM2,1983,11,30,historical,0.6755953392,0.42966353664,0.51926388768,1.9065154,1983-11-01
CESM2,1983,12,31,historical,0.223737552,0.23224550688,0.20830129344,0.83666205,1983-12-01
CESM2,1984,1,31,historical,0.14903547264,0.076639613184,0.11450209248,0.4084445,1984-01-01
CESM2,1984,2,29,historical,0.24937120512,0.5317766208,0.15347808288,0.40389708,1984-02-01
CESM2,1984,3,31,historical,0.340238448,0.77261904,0.20388452544,0.3988475,1984-03-01
CESM2,1984,4,30,historical,0.817061472,1.2098763936,0.3674439936,0.44951746,1984-04-01
CESM2,1984,5,31,historical,5.026922208,1.2182463935999999,2.4557615424,1.7412668,1984-05-01
CESM2,1984,6,30,historical,6.0507682560000005,0.9298247040000001,4.009823136,2.6671026,1984-06-01
CESM2,1984,7,31,historical,4.4139231936000005,0.6557127552,2.7685257408,2.3700938,1984-07-01
CESM2,1984,8,31,historical,2.6480255616,0.8559012095999999,1.73005416,1.4483049,1984-08-01
CESM2,1984,9,30,historical,1.4932885247999999,0.6225548544,1.0029526272,1.1425817,1984-09-01
CESM2,1984,10,31,historical,0.34507339200000003,0.45483932159999996,0.2189670192,0.4337944,1984-10-01
CESM2,1984,11,30,historical,0.2204481312,0.35080678368,0.13939363008,0.39696085,1984-11-01
CESM2,1984,12,31,historical,0.13354600896,0.11232313632,0.11312079839999999,0.39434186,1984-12-01
CESM2,1985,1,31,historical,0.12877330752,0.029178633024,0.10256525856,0.3897683,1985-01-01
CESM2,1985,2,28,historical,0.25828117056,0.37499659776,0.13310966304,0.3840953,1985-02-01
CESM2,1985,3,31,historical,0.3471251328,0.7508873664000001,0.1529964288,0.379106,1985-03-01
CESM2,1985,4,30,historical,0.6567537024,0.9630163008,0.25978148928,0.39739367,1985-04-01
CESM2,1985,5,31,historical,4.4326010592,0.9037911743999999,1.6293205728,1.7143269,1985-05-01
CESM2,1985,6,30,historical,7.002133344,0.7353337248,4.3726890528,3.1091402,1985-06-01
CESM2,1985,7,31,historical,6.42449664,0.8846199647999999,3.994665984,3.0056949,1985-07-01
CESM2,1985,8,31,historical,3.2727896640000003,0.9789912288000001,1.8328616064,1.7232739,1985-08-01
CESM2,1985,9,30,historical,2.101379328,0.6456664224,1.4261719680000002,1.4316853,1985-09-01
CESM2,1985,10,31,historical,0.5586262848,1.0740087216,0.3562694496,0.6314562,1985-10-01
CESM2,1985,11,30,historical,0.719095104,0.51627116448,0.5038849296,1.6820406,1985-11-01
CESM2,1985,12,31,historical,0.19337235839999997,0.033943348512,0.21483318528,1.3080722,1985-12-01
CESM2,1986,1,31,historical,0.11680188768,0.059402937600000004,0.10244938752,0.39969617,1986-01-01
CESM2,1986,2,28,historical,0.23760023328,0.41580012959999996,0.12679026336,0.39489007,1986-02-01
CESM2,1986,3,31,historical,0.34982107199999996,0.8008046207999999,0.19879441632,0.38996658,1986-03-01
CESM2,1986,4,30,historical,0.719434224,1.2230876016,0.34902218304000004,0.42951286,1986-04-01
CESM2,1986,5,31,historical,4.392905184,1.1325132288,1.8944891712,1.5628054,1986-05-01
CESM2,1986,6,30,historical,5.990694336000001,0.64599080256,3.6543137472,2.7409499,1986-06-01
CESM2,1986,7,31,historical,4.5011166912,0.3960849888,3.3846926112,2.8933022,1986-07-01
CESM2,1986,8,31,historical,1.36848744,1.07510739264,0.364338432,0.97870857,1986-08-01
CESM2,1986,9,30,historical,1.0977040512,1.0527676704,0.6586209792,0.8823348,1986-09-01
CESM2,1986,10,31,historical,1.3810229567999999,0.47252424383999997,0.975243672,1.2447375,1986-10-01
CESM2,1986,11,30,historical,0.2845110096,0.5680272096,0.20205459936000003,0.5549712,1986-11-01
CESM2,1986,12,31,historical,0.10969120224000001,0.10117357056000001,0.09758937023999999,0.3895232,1986-12-01
CESM2,1987,1,31,historical,0.13406874624,0.1151942256,0.1080228096,0.38535014,1987-01-01
CESM2,1987,2,28,historical,0.19646472672,0.35406967104,0.11505743712,0.37997377,1987-02-01
CESM2,1987,3,31,historical,0.35113478400000003,0.7522175808,0.1524315024,0.37450033,1987-03-01
CESM2,1987,4,30,historical,0.52920054432,1.1431445328,0.20571815808,0.3710061,1987-04-01
CESM2,1987,5,31,historical,3.1794007680000003,1.3345052832,1.0418887008,1.0589234,1987-05-01
CESM2,1987,6,30,historical,6.204087648000001,1.1289246048000001,3.1524238368,2.3728664,1987-06-01
CESM2,1987,7,31,historical,5.9949167039999995,1.113163776,3.60802944,2.6983523,1987-07-01
CESM2,1987,8,31,historical,2.7957237696,1.1570768352,1.0303806528,1.4038596,1987-08-01
CESM2,1987,9,30,historical,1.5337687392000001,1.181526912,0.7865106912,0.95585555,1987-09-01
CESM2,1987,10,31,historical,1.1613496176,0.7952378688,0.6179620032,0.95467657,1987-10-01
CESM2,1987,11,30,historical,0.5997056832,0.52399014048,0.35600141088,0.9429414,1987-11-01
CESM2,1987,12,31,historical,0.30832645248,0.1520004528,0.2425522752,0.8478981,1987-12-01
CESM2,1988,1,31,historical,0.16891450560000001,0.21364514208000002,0.12826376352,0.41654786,1988-01-01
CESM2,1988,2,29,historical,0.21449905056,0.31779369792,0.13076208864,0.41335425,1988-02-01
CESM2,1988,3,31,historical,0.404813808,0.7376409504,0.17623602432,0.40935457,1988-03-01
CESM2,1988,4,30,historical,0.5993213328,0.8795596032,0.25389343296,0.43317568,1988-04-01
CESM2,1988,5,31,historical,5.005364284800001,0.94367808,1.787318784,1.7463702,1988-05-01
CESM2,1988,6,30,historical,7.460656416,0.8187519744,4.320146016,3.0204968,1988-06-01
CESM2,1988,7,31,historical,4.9462908768,0.48029817024,3.0944963519999997,2.8959055,1988-07-01
CESM2,1988,8,31,historical,2.72279664,0.52981272288,1.6222057056,1.7200044,1988-08-01
CESM2,1988,9,30,historical,0.44803411200000004,0.26517744576,0.35986230719999995,0.5769335,1988-09-01
CESM2,1988,10,31,historical,0.28120791168000003,0.32607366047999997,0.1958557104,0.43739304,1988-10-01
CESM2,1988,11,30,historical,0.20956561920000003,0.27899885376,0.14717580768,0.42086118,1988-11-01
CESM2,1988,12,31,historical,0.15595685568,0.14211721727999999,0.12270885696,0.4169393,1988-12-01
CESM2,1989,1,31,historical,0.16100127648,0.13139186688,0.11795224319999999,0.4115366,1989-01-01
CESM2,1989,2,28,historical,0.26931150432,0.50811031296,0.14735767104,0.405435,1989-02-01
CESM2,1989,3,31,historical,0.38377215936,0.7176580128,0.174287376,0.3998277,1989-03-01
CESM2,1989,4,30,historical,0.4335596928,0.8461876896,0.21175096032000001,0.42018467,1989-04-01
CESM2,1989,5,31,historical,3.7753065792,0.8542774080000001,1.7022842496,1.6198971,1989-05-01
CESM2,1989,6,30,historical,7.852103712,0.7086060576,4.362368832,2.9763927,1989-06-01
CESM2,1989,7,31,historical,5.38033968,0.29838125952,3.5675116416,3.4002078,1989-07-01
CESM2,1989,8,31,historical,1.8270871488,1.3023140256,1.0301758848,1.212726,1989-08-01
CESM2,1989,9,30,historical,1.787886432,1.0846052496,1.3051621152,1.7016788,1989-09-01
CESM2,1989,10,31,historical,1.7224692768,0.6723991871999999,1.2392110944,1.8965582,1989-10-01
CESM2,1989,11,30,historical,1.301062176,0.38054349504,0.9739922112,1.875424,1989-11-01
CESM2,1989,12,31,historical,0.44869997088,0.17704187712000002,0.37295301312,1.7701666,1989-12-01
CESM2,1990,1,31,historical,0.11059324415999999,0.036140598144,0.11020672512,0.44788486,1990-01-01
CESM2,1990,2,28,historical,0.13086024768,0.031959959616,0.09446226048,0.39413998,1990-02-01
CESM2,1990,3,31,historical,0.34004069568,0.7949647584,0.18529338816000002,0.38778615,1990-03-01
CESM2,1990,4,30,historical,0.5934964608000001,1.1398756319999999,0.32470651872,0.39000952,1990-04-01
CESM2,1990,5,31,historical,3.8694755808,1.2241512806400001,1.6681444991999999,1.512512,1990-05-01
CESM2,1990,6,30,historical,7.377218208,1.1213468064,4.251980736,2.8366494,1990-06-01
CESM2,1990,7,31,historical,5.53125024,0.9357740352,3.345715584,2.76777,1990-07-01
CESM2,1990,8,31,historical,3.1051553471999997,0.848002608,1.8122447519999998,1.7273165,1990-08-01
CESM2,1990,9,30,historical,2.0229840288000003,0.763783344,1.4020574688,1.344939,1990-09-01
CESM2,1990,10,31,historical,0.9394038720000001,0.48730515840000005,0.6267599424,0.9115553,1990-10-01
CESM2,1990,11,30,historical,0.25113141504000003,0.4729189536,0.1553808096,0.3939041,1990-11-01
CESM2,1990,12,31,historical,0.18901537919999997,0.23720539392,0.15924816,0.6276257,1990-12-01
CESM2,1991,1,31,historical,0.35470107359999997,0.07881130656,0.31738488768,1.4081019,1991-01-01
CESM2,1991,2,28,historical,0.2434474224,0.47320445376,0.1349901504,0.38500994,1991-02-01
CESM2,1991,3,31,historical,0.60130549152,0.7500066912000001,0.3581186256,0.6694685,1991-03-01
CESM2,1991,4,30,historical,1.7179121088,1.01925756,1.0299699072,1.0268021,1991-04-01
CESM2,1991,5,31,historical,3.9387119615999997,1.2306858768,1.779035184,1.4446751,1991-05-01
CESM2,1991,6,30,historical,6.426582768,1.105005672,3.6582930719999998,2.514002,1991-06-01
CESM2,1991,7,31,historical,4.5107083872,0.7230037535999999,2.879709408,2.3848612,1991-07-01
CESM2,1991,8,31,historical,2.1868252128,0.9074376864,1.121365728,1.3026314,1991-08-01
CESM2,1991,9,30,historical,1.394613504,0.63111498624,0.9061825968,0.9775146,1991-09-01
CESM2,1991,10,31,historical,1.0581160032,0.4603021344,0.7055321184000001,0.94942755,1991-10-01
CESM2,1991,11,30,historical,0.48387695328,0.3116433312,0.32640766559999995,0.61932576,1991-11-01
CESM2,1991,12,31,historical,0.11479967136,0.14457249792,0.10491012864,0.37968844,1991-12-01
CESM2,1992,1,31,historical,0.12376470816,0.046337370624,0.10037536416000001,0.37581554,1992-01-01
CESM2,1992,2,29,historical,0.15185564640000002,0.07049018822400001,0.10097048736,0.37062162,1992-02-01
CESM2,1992,3,31,historical,0.3683903328,0.8837689248,0.15735536064,0.36511058,1992-03-01
CESM2,1992,4,30,historical,0.53099691264,1.0476567648000001,0.2401012368,0.37768316,1992-04-01
CESM2,1992,5,31,historical,3.8541945311999997,1.0188722592000001,1.3775290272,1.5386925,1992-05-01
CESM2,1992,6,30,historical,6.211953504,0.6262649568,3.7733739840000005,2.8862355,1992-06-01
CESM2,1992,7,31,historical,2.8082877120000003,0.3925675584,1.9579202496,2.4437783,1992-07-01
CESM2,1992,8,31,historical,1.2749476896,1.2535808832,0.5504369472,0.85423297,1992-08-01
CESM2,1992,9,30,historical,1.4062348224,0.5080900608000001,0.9381008735999999,1.2474703,1992-09-01
CESM2,1992,10,31,historical,0.53716827456,0.243590544,0.35307199295999997,0.6911498,1992-10-01
CESM2,1992,11,30,historical,0.14472628127999998,0.21316653791999998,0.11170821024000001,0.36683732,1992-11-01
CESM2,1992,12,31,historical,0.08709562368,0.022349567520000002,0.08509231008000001,0.36477977,1992-12-01
CESM2,1993,1,31,historical,0.13075688736000002,0.028708263648,0.10291902336,0.3605218,1993-01-01
CESM2,1993,2,28,historical,0.167334552,0.3102400656,0.10542619584,0.35535076,1993-02-01
CESM2,1993,3,31,historical,0.38883710016,0.8504949888,0.15266943072,0.35023654,1993-03-01
CESM2,1993,4,30,historical,0.44270945279999996,1.0871623872,0.17349888959999998,0.34714654,1993-04-01
CESM2,1993,5,31,historical,2.4601313088000003,1.3194617472,0.890651808,0.85395557,1993-05-01
CESM2,1993,6,30,historical,6.0018770880000005,1.174796784,2.8747930752,2.06745,1993-06-01
CESM2,1993,7,31,historical,4.8686946912,0.770142816,3.1045279104,2.5184886,1993-07-01
CESM2,1993,8,31,historical,3.047454144,1.0486068624,1.4261492448,1.551879,1993-08-01
CESM2,1993,9,30,historical,1.6548938496,1.1103420384,0.7233191568,0.9863781,1993-09-01
CESM2,1993,10,31,historical,0.8967189024000001,0.5753336256,0.52694553888,0.924697,1993-10-01
CESM2,1993,11,30,historical,0.6309037728,0.61036479072,0.36388108224,0.91011846,1993-11-01
CESM2,1993,12,31,historical,0.22916180447999998,0.033932715264,0.20942934912,0.7502145,1993-12-01
CESM2,1994,1,31,historical,0.08082056448000001,0.005450911718399999,0.08196570144,0.384727,1994-01-01
CESM2,1994,2,28,historical,0.15863472,0.28241554176,0.10773412991999999,0.38088012,1994-02-01
CESM2,1994,3,31,historical,0.36575354304,0.7372713311999999,0.1520061552,0.3762163,1994-03-01
CESM2,1994,4,30,historical,0.6441874272,1.0422845856,0.25119652608,0.38474262,1994-04-01
CESM2,1994,5,31,historical,3.8218393728,1.0390774608,1.360300608,1.3333119,1994-05-01
CESM2,1994,6,30,historical,7.2328355135999995,0.8897817168000001,4.125311424,2.7984784,1994-06-01
CESM2,1994,7,31,historical,5.76779832,0.7126425792,3.6697593887999997,2.6990604,1994-07-01
CESM2,1994,8,31,historical,3.2119367616,1.0269513504,1.77291936,1.5930822,1994-08-01
CESM2,1994,9,30,historical,2.2194491616,0.7720399008,1.4026821408,1.3541163,1994-09-01
CESM2,1994,10,31,historical,1.7195415264,0.5720372064,1.14464232,1.3287065,1994-10-01
CESM2,1994,11,30,historical,1.1094868512,0.40064843808000006,0.7410292992,1.2889789,1994-11-01
CESM2,1994,12,31,historical,0.4719363264,0.19190981376,0.3377813184,1.2577391,1994-12-01
CESM2,1995,1,31,historical,0.2469250656,0.15800785344,0.20451815712,0.6213978,1995-01-01
CESM2,1995,2,28,historical,0.33393234528,0.7092290016,0.17411606208000002,0.39843547,1995-02-01
CESM2,1995,3,31,historical,0.36804173472,0.6660972576,0.17249825664,0.39520013,1995-03-01
CESM2,1995,4,30,historical,0.7385421888,0.8738401824,0.30746320416,0.45726302,1995-04-01
CESM2,1995,5,31,historical,5.450732352,0.9736619040000001,2.419544304,2.3026342,1995-05-01
CESM2,1995,6,30,historical,7.326929952,0.51535401984,4.599725184,3.4800794,1995-06-01
CESM2,1995,7,31,historical,6.177071750400001,0.577429776,3.870455616,3.031914,1995-07-01
CESM2,1995,8,31,historical,1.7242637184,1.2294442656,0.9947669184,1.0291944,1995-08-01
CESM2,1995,9,30,historical,0.51319656,0.863173368,0.30220305984,0.41615194,1995-09-01
CESM2,1995,10,31,historical,0.3746503584,0.60949503648,0.21629865024,0.4326299,1995-10-01
CESM2,1995,11,30,historical,0.8356034304000001,0.56522644128,0.5372623296,1.6336604,1995-11-01
CESM2,1995,12,31,historical,0.36323559648,0.1481194944,0.32197279679999996,1.7766923,1995-12-01
CESM2,1996,1,31,historical,0.15972362784,0.14393463264,0.1198984464,0.40219396,1996-01-01
CESM2,1996,2,29,historical,0.24410293056,0.39017021760000004,0.13505105375999998,0.39761084,1996-02-01
CESM2,1996,3,31,historical,0.3815040384,0.9307414944,0.223656552,0.39309978,1996-03-01
CESM2,1996,4,30,historical,0.6043111488,1.2583118016,0.28069360704,0.39730167,1996-04-01
CESM2,1996,5,31,historical,4.2049259136,1.2093872832,1.7300314368,1.4414237,1996-05-01
CESM2,1996,6,30,historical,5.999482079999999,0.713171952,3.5774111807999995,2.7092338,1996-06-01
CESM2,1996,7,31,historical,4.8131472672,0.8722167263999999,2.6150233536,2.5232332,1996-07-01
CESM2,1996,8,31,historical,2.503724256,0.99549216,1.448293824,1.393512,1996-08-01
CESM2,1996,9,30,historical,1.9352553695999999,0.7305319584,1.2713456736,1.2464823,1996-09-01
CESM2,1996,10,31,historical,1.2844872864,0.4175092944,0.8336081952,1.1454716,1996-10-01
CESM2,1996,11,30,historical,0.19133929728000001,0.44180277119999994,0.13192062624,0.41331923,1996-11-01
CESM2,1996,12,31,historical,0.15933128544,0.32476219488,0.13906333152,1.041991,1996-12-01
CESM2,1997,1,31,historical,0.1496025504,0.1391223168,0.12939808319999999,0.9939355,1997-01-01
CESM2,1997,2,28,historical,0.2129202288,0.44693609759999997,0.12096179711999999,0.39427477,1997-02-01
CESM2,1997,3,31,historical,0.40462560288,1.007508672,0.17667187775999998,0.38958403,1997-03-01
CESM2,1997,4,30,historical,0.47759544,1.1484186048,0.21192703488,0.39242917,1997-04-01
CESM2,1997,5,31,historical,3.0248029151999996,1.18235808,1.1015929152000001,1.1430367,1997-05-01
CESM2,1997,6,30,historical,6.100406784,1.3467986208,3.1234648896,2.3028967,1997-06-01
CESM2,1997,7,31,historical,4.304131775999999,0.8956507392,2.604792384,2.274386,1997-07-01
CESM2,1997,8,31,historical,2.5427903616,1.3390351488,1.1572049664,1.321727,1997-08-01
CESM2,1997,9,30,historical,1.5998572224,0.8728219584000001,0.8283696768,1.0356789,1997-09-01
CESM2,1997,10,31,historical,1.2498579072,0.7276533696,0.6728514048,1.0250844,1997-10-01
CESM2,1997,11,30,historical,0.5509150848000001,0.5283551808,0.3465038304,1.001028,1997-11-01
CESM2,1997,12,31,historical,0.28901199168,0.12683874239999998,0.22614599519999998,0.85025406,1997-12-01
CESM2,1998,1,31,historical,0.10614780864,0.018168077952,0.09852449472000001,0.40927222,1998-01-01
CESM2,1998,2,28,historical,0.30577976928,0.39468162815999996,0.14769060479999999,0.40474227,1998-02-01
CESM2,1998,3,31,historical,0.4650806592,0.8637147072,0.19724640480000002,0.40102622,1998-03-01
CESM2,1998,4,30,historical,1.0612168992,0.9631331136000001,0.43179212159999997,0.62527245,1998-04-01
CESM2,1998,5,31,historical,5.384621664,1.0195427231999998,2.1418831296,2.0364234,1998-05-01
CESM2,1998,6,30,historical,7.278372287999999,0.9451092096,4.210394256,2.7883976,1998-06-01
CESM2,1998,7,31,historical,5.8424201856,0.7597090656000001,3.5924016672,2.5294018,1998-07-01
CESM2,1998,8,31,historical,3.5466608159999997,0.8518220927999999,1.9684820448,1.7215348,1998-08-01
CESM2,1998,9,30,historical,2.4904612511999997,0.738998856,1.5952362048,1.4335831,1998-09-01
CESM2,1998,10,31,historical,1.3793787648000002,0.33159047328,0.9233541648,1.1655465,1998-10-01
CESM2,1998,11,30,historical,0.21065722272,0.24946632287999998,0.14727591936,0.43412057,1998-11-01
CESM2,1998,12,31,historical,0.11950127424,0.0946306368,0.11538785664,0.4331655,1998-12-01
CESM2,1999,1,31,historical,0.1218091392,0.035717506848,0.11040303456,0.42934,1999-01-01
CESM2,1999,2,28,historical,0.14747860512,0.054815913215999996,0.10629712511999999,0.42368734,1999-02-01
CESM2,1999,3,31,historical,0.3680200224,0.61210168992,0.16308387072000002,0.41714272,1999-03-01
CESM2,1999,4,30,historical,0.6132517344,0.9244888992,0.28426502016,0.43118486,1999-04-01
CESM2,1999,5,31,historical,3.0436649856,0.928698912,1.2196204127999999,1.1529603,1999-05-01
CESM2,1999,6,30,historical,8.124506928,0.9153883872,4.50174672,3.4483194,1999-06-01
CESM2,1999,7,31,historical,6.3019016064,0.41143470047999997,3.992261472,3.4475758,1999-07-01
CESM2,1999,8,31,historical,2.5333570368,0.59940797472,1.6407703008,1.8186512,1999-08-01
CESM2,1999,9,30,historical,0.3427769664,0.42148799712,0.25586076096,0.4334947,1999-09-01
CESM2,1999,10,31,historical,0.35844971904,0.45019295424,0.2405649888,0.43028688,1999-10-01
CESM2,1999,11,30,historical,0.1791368784,0.28028944512,0.13555997568,0.4126369,1999-11-01
CESM2,1999,12,31,historical,0.12979670688,0.056768031360000006,0.11600803584000001,0.4089722,1999-12-01
CESM2,2000,1,31,historical,0.13289527008,0.11512150271999999,0.11321857728,0.40329996,2000-01-01
CESM2,2000,2,29,historical,0.2905110144,0.62660816352,0.15602262336,0.39688125,2000-02-01
CESM2,2000,3,31,historical,0.41929783487999994,0.8510666111999999,0.21235618368,0.3912546,2000-03-01
CESM2,2000,4,30,historical,1.4604116832,0.8748236735999999,0.67671063359999994,0.81076777,2000-04-01
CESM2,2000,5,31,historical,6.553497888,0.7594873632,3.5681077152,2.8354743,2000-05-01
CESM2,2000,6,30,historical,5.5756767744,0.2929061952,4.002817219200001,3.501979,2000-06-01
CESM2,2000,7,31,historical,2.2128088031999997,0.30905700768,1.3451762016,1.4031744,2000-07-01
CESM2,2000,8,31,historical,0.7855757568,0.3844907136,0.5280877728000001,0.6420518,2000-08-01
CESM2,2000,9,30,historical,0.29734203168,0.5774686560000001,0.18623240064,0.40246394,2000-09-01
CESM2,2000,10,31,historical,0.9438770592000001,0.8147647008,0.6127073884800001,0.9713873,2000-10-01
CESM2,2000,11,30,historical,1.1264061312,0.47283434208,0.8266848767999999,1.8420722,2000-11-01
CESM2,2000,12,31,historical,0.3192012576,0.20964901248,0.27419812416,1.8091068,2000-12-01
CESM2,2001,1,31,historical,0.15007644576,0.11941583328,0.13108467168000001,0.4970186,2001-01-01
CESM2,2001,2,28,historical,0.20976448608,0.325177632,0.12622748832,0.35153803,2001-02-01
CESM2,2001,3,31,historical,0.32718502367999996,0.9757214208,0.1942975728,0.3452157,2001-03-01
CESM2,2001,4,30,historical,0.4774103712,1.3529965248,0.27144009792,0.3435677,2001-04-01
CESM2,2001,5,31,historical,3.242973888,1.5447988224,1.2604120991999999,1.064945,2001-05-01
CESM2,2001,6,30,historical,6.011605728,1.3282316928000002,3.387940992,2.4270213,2001-06-01
CESM2,2001,7,31,historical,4.6848642624,1.6331719392000001,2.5022603807999997,2.3968258,2001-07-01
CESM2,2001,8,31,historical,2.5880454719999997,1.021275216,1.2191956704,1.4381678,2001-08-01
CESM2,2001,9,30,historical,1.9268656704,1.0709473104,0.9714415968,1.2678238,2001-09-01
CESM2,2001,10,31,historical,1.4846355648,0.8765752608,0.7580283264,1.1602771,2001-10-01
CESM2,2001,11,30,historical,0.8013533472000001,0.55487716416,0.43901202528,1.1259652,2001-11-01
CESM2,2001,12,31,historical,0.44050605408,0.28222126272,0.3412892448,1.0842543,2001-12-01
CESM2,2002,1,31,historical,0.14938722431999998,0.05583739536,0.12823052544,0.43628734,2002-01-01
CESM2,2002,2,28,historical,0.193508784,0.2137090608,0.11590712064,0.35786232,2002-02-01
CESM2,2002,3,31,historical,0.36929349792,0.8376058368,0.16164496512,0.35428497,2002-03-01
CESM2,2002,4,30,historical,0.6988085568,1.0441855584,0.27938996928,0.44293755,2002-04-01
CESM2,2002,5,31,historical,5.208380352,1.0031630112,2.1830676768,1.8809515,2002-05-01
CESM2,2002,6,30,historical,6.9163632,0.7146182015999999,4.1777478432,2.8437006,2002-06-01
CESM2,2002,7,31,historical,3.816329472,0.48371353631999997,2.6311307328000004,2.2408857,2002-07-01
CESM2,2002,8,31,historical,1.5605187839999999,1.1987681184,0.7698217536,0.9934784,2002-08-01
CESM2,2002,9,30,historical,2.2672175616,0.60219288,1.6293801024,1.7699587,2002-09-01
CESM2,2002,10,31,historical,0.8145328895999999,0.3970175472,0.54065220768,0.83398354,2002-10-01
CESM2,2002,11,30,historical,0.24745296960000002,0.32723455679999996,0.15916419648,0.37429732,2002-11-01
CESM2,2002,12,31,historical,0.10996554816,0.211573728,0.10533828383999999,0.37391979,2002-12-01
CESM2,2003,1,31,historical,0.14870277216,0.15445852416,0.11251628352000001,0.3711121,2003-01-01
CESM2,2003,2,28,historical,0.23719415328000001,0.5281879104,0.13284235872,0.3669442,2003-02-01
CESM2,2003,3,31,historical,0.36529016255999996,0.9703519632,0.16546356864,0.36276177,2003-03-01
CESM2,2003,4,30,historical,0.59392169568,1.2160970208,0.23697331488,0.37456402,2003-04-01
CESM2,2003,5,31,historical,3.4574945472,1.2804600095999998,1.2360384,1.182224,2003-05-01
CESM2,2003,6,30,historical,6.02589672,0.9321781536,3.3573650688,2.6043046,2003-06-01
CESM2,2003,7,31,historical,5.5059993216,1.2223325952000001,2.9836353888000002,2.3064473,2003-07-01
CESM2,2003,8,31,historical,2.859701328,1.3015367711999999,1.4882898528,1.3945216,2003-08-01
CESM2,2003,9,30,historical,2.143457856,1.0168125695999999,1.1816031168,1.2891433,2003-09-01
CESM2,2003,10,31,historical,1.7915530752,0.8161541856,1.0012123584,1.2746596,2003-10-01
CESM2,2003,11,30,historical,0.9328207104,0.51701936256,0.55884708864,1.2456112,2003-11-01
CESM2,2003,12,31,historical,0.40087450368,0.23548711392000002,0.33298960896,1.2080758,2003-12-01
CESM2,2004,1,31,historical,0.165763584,0.1281359088,0.14369342112,0.475698,2004-01-01
CESM2,2004,2,29,historical,0.23681121984,0.413556408,0.1303004016,0.39300933,2004-02-01
CESM2,2004,3,31,historical,0.34978887936,0.7076696976000001,0.1593490752,0.38930044,2004-03-01
CESM2,2004,4,30,historical,0.60253327008,0.9627457824,0.24184051199999998,0.3975767,2004-04-01
CESM2,2004,5,31,historical,3.179914416,1.0277705088,1.1062062432,1.2151728,2004-05-01
CESM2,2004,6,30,historical,7.6792752,1.1056169088,3.9625758144,3.1154926,2004-06-01
CESM2,2004,7,31,historical,6.775008048,0.9477248831999999,3.9085816032,3.0130627,2004-07-01
CESM2,2004,8,31,historical,4.548251088,0.8529633503999999,2.5743966912,2.2092276,2004-08-01
CESM2,2004,9,30,historical,3.2275543392,0.7081107264,2.152105632,1.8860894,2004-09-01
CESM2,2004,10,31,historical,1.6272911232,0.43495285823999996,1.1096954208,1.5236908,2004-10-01
CESM2,2004,11,30,historical,0.28367760384,0.5830726464,0.18644131584,0.4795018,2004-11-01
CESM2,2004,12,31,historical,0.442313568,0.183005352,0.3885471936,2.2227178,2004-12-01
CESM2,2005,1,31,historical,0.15117510816,0.17954773632,0.12774713472,0.7479191,2005-01-01
CESM2,2005,2,28,historical,0.29851474752,0.6464314080000001,0.18223392959999998,0.42041487,2005-02-01
CESM2,2005,3,31,historical,0.3620236032,0.8414402256000001,0.22549133376,0.41598698,2005-03-01
CESM2,2005,4,30,historical,0.6654584159999999,1.217972592,0.3628947744,0.43943295,2005-04-01
CESM2,2005,5,31,historical,3.7210800384,1.2843074448,1.6224678432,1.3753065,2005-05-01
CESM2,2005,6,30,historical,5.59184688,0.7678725696,3.5606996928,2.7606752,2005-06-01
CESM2,2005,7,31,historical,2.6511868512,0.26265456576,1.6853692032,2.1333551,2005-07-01
CESM2,2005,8,31,historical,0.9902294928,1.4124373056000001,0.5151412512,0.69207925,2005-08-01
CESM2,2005,9,30,historical,1.7543127744,0.7090298495999999,1.1951648928,1.3172109,2005-09-01
CESM2,2005,10,31,historical,1.6881935328,0.8736010704,1.1224243008,1.3546896,2005-10-01
CESM2,2005,11,30,historical,0.7617900096,0.5879030112,0.48450387168,1.328974,2005-11-01
CESM2,2005,12,31,historical,0.26510862815999997,0.10254171456,0.23028249024,1.0195394,2005-12-01
CESM2,2006,1,31,historical,0.10897619039999999,0.030039918336,0.09960467616,0.39686757,2006-01-01
CESM2,2006,2,28,historical,0.205579728,0.3031010496,0.1251738576,0.39080983,2006-02-01
CESM2,2006,3,31,historical,0.35490147839999997,0.7981098047999999,0.15154589376,0.3847398,2006-03-01
CESM2,2006,4,30,historical,0.55340562528,1.2175558847999999,0.23339311487999997,0.38298565,2006-04-01
CESM2,2006,5,31,historical,3.1052425248,1.3522730112,1.1494829664000001,1.0996315,2006-05-01
CESM2,2006,6,30,historical,5.434160832,0.9735043104,2.878615584,2.2268724,2006-06-01
CESM2,2006,7,31,historical,4.1316438528,0.8362179072,2.273093712,2.3366961,2006-07-01
CESM2,2006,8,31,historical,2.3722825536,1.263208608,1.181184768,1.2509453,2006-08-01
CESM2,2006,9,30,historical,1.7602468992,0.53386494336,0.9530297568,1.116316,2006-09-01
CESM2,2006,10,31,historical,1.1844756576,0.28401690528,0.7760019024,0.97873485,2006-10-01
CESM2,2006,11,30,historical,0.22160475936000001,0.2705077728,0.14825026944,0.43342078,2006-11-01
CESM2,2006,12,31,historical,0.17396131968,0.139314168,0.17924886144000002,1.4173588,2006-12-01
CESM2,2007,1,31,historical,0.15636125952,0.07729216128000001,0.1293293952,0.60451907,2007-01-01
CESM2,2007,2,28,historical,0.2426949648,0.58090982112,0.1365806448,0.40017518,2007-02-01
CESM2,2007,3,31,historical,0.442387008,1.0894932,0.18714907872,0.39574605,2007-03-01
CESM2,2007,4,30,historical,0.6744847968,1.2808004256,0.2658967776,0.4366463,2007-04-01
CESM2,2007,5,31,historical,3.3726373056,1.1566876032,1.3199772096,1.1859113,2007-05-01
CESM2,2007,6,30,historical,5.1227842176,1.0728057312000001,2.7793774079999998,2.144217,2007-06-01
CESM2,2007,7,31,historical,4.2915625632,0.709102512,2.553402528,2.0549374,2007-07-01
CESM2,2007,8,31,historical,2.148803424,0.6742241280000001,1.111237488,1.1918045,2007-08-01
CESM2,2007,9,30,historical,1.1485472544,0.60628836096,0.7226066592,0.80859053,2007-09-01
CESM2,2007,10,31,historical,0.3906806688,0.57824112384,0.23764967135999998,0.47132576,2007-10-01
CESM2,2007,11,30,historical,0.7037224704,0.55882701792,0.48032606016,1.3181825,2007-11-01
CESM2,2007,12,31,historical,0.43913104991999996,0.21956955552,0.3861273024,1.4075803,2007-12-01
CESM2,2008,1,31,historical,0.165423168,0.13298655168,0.12966676128000001,0.43686983,2008-01-01
CESM2,2008,2,29,historical,0.30835219968,0.517333608,0.1611009216,0.40974268,2008-02-01
CESM2,2008,3,31,historical,0.456369768,0.9738150047999999,0.21048531263999998,0.40555298,2008-03-01
CESM2,2008,4,30,historical,0.8909548127999999,0.9404995104,0.3662040672,0.48984253,2008-04-01
CESM2,2008,5,31,historical,3.5449854336,1.1236822416,1.5096431808000002,1.3474603,2008-05-01
CESM2,2008,6,30,historical,4.781696976,1.1994111072,2.7539040960000003,2.2776814,2008-06-01
CESM2,2008,7,31,historical,3.6220000608,1.1097273888,1.6639284384000002,1.638229,2008-07-01
CESM2,2008,8,31,historical,2.0648108736,1.140362496,0.951156648,1.0302547,2008-08-01
CESM2,2008,9,30,historical,1.8045545472000002,0.9990512352,0.8934881472,0.9983212,2008-09-01
CESM2,2008,10,31,historical,1.1719890432,0.4387268448,0.6541298208,0.9907964,2008-10-01
CESM2,2008,11,30,historical,0.7369225344,0.31201733088,0.44478581759999997,0.9685526,2008-11-01
CESM2,2008,12,31,historical,0.21141212544000001,0.06813878976,0.19191168,0.7606125,2008-12-01
CESM2,2009,1,31,historical,0.12822268032,0.024998927615999998,0.11219624928000001,0.42377716,2009-01-01
CESM2,2009,2,28,historical,0.29438724672,0.3683930976,0.1584238176,0.41908038,2009-02-01
CESM2,2009,3,31,historical,0.44965467360000005,0.7500069504,0.22271274432,0.41454858,2009-03-01
CESM2,2009,4,30,historical,0.8843241312,0.8658536256,0.34729756128,0.46617672,2009-04-01
CESM2,2009,5,31,historical,3.9595446432,0.7390655136,1.9294807392,1.7253584,2009-05-01
CESM2,2009,6,30,historical,4.5697587264,0.47383418879999994,2.5939773504,2.5761602,2009-06-01
CESM2,2009,7,31,historical,4.3502230656,0.6800156928,2.2089119904000003,2.205756,2009-07-01
CESM2,2009,8,31,historical,3.0894003071999996,0.6436901088,1.8931520448,1.6297239,2009-08-01
CESM2,2009,9,30,historical,1.3165858368,0.4384665216,0.9123190272,1.0463862,2009-09-01
CESM2,2009,10,31,historical,0.30363926112,0.29317270464,0.2187151632,0.43597674,2009-10-01
CESM2,2009,11,30,historical,0.22537916064,0.32221823328000004,0.15649320960000002,0.420628,2009-11-01
CESM2,2009,12,31,historical,0.07828862112,0.0140553144,0.09251360351999999,0.4176094,2009-12-01
CESM2,2010,1,31,historical,0.063980907264,0.006613629696,0.080316035136,0.41212353,2010-01-01
CESM2,2010,2,28,historical,0.23094290592,0.21709557792,0.13215141792000001,0.40528977,2010-02-01
CESM2,2010,3,31,historical,0.49985887968,0.8602194816,0.21046568255999998,0.39887106,2010-03-01
CESM2,2010,4,30,historical,0.7932040128,0.9625982112000001,0.30002114879999997,0.44003776,2010-04-01
CESM2,2010,5,31,historical,4.708526112,0.9816317856000001,1.979874576,1.9694232,2010-05-01
CESM2,2010,6,30,historical,6.9511823999999995,0.8941383936,4.24010376,3.0452213,2010-06-01
CESM2,2010,7,31,historical,5.292781056000001,0.8607196512,3.1863859488000004,2.5625613,2010-07-01
CESM2,2010,8,31,historical,3.7699268832,0.9172505664,2.3618408544,1.9708831,2010-08-01
CESM2,2010,9,30,historical,2.963284992,0.676899072,1.990007136,1.7442538,2010-09-01
CESM2,2010,10,31,historical,1.185478416,0.5265557884800001,0.8116168896,1.1231842,2010-10-01
CESM2,2010,11,30,historical,0.26691173568000004,0.60933311424,0.16344455616,0.4189308,2010-11-01
CESM2,2010,12,31,historical,0.18929617056,0.39964466880000005,0.13899998304,0.418419,2010-12-01
CESM2,2011,1,31,historical,0.16285848768,0.3288966768,0.12518468352,0.41564834,2011-01-01
CESM2,2011,2,28,historical,0.32780227392,0.6668093664000001,0.16783111007999998,0.4115239,2011-02-01
CESM2,2011,3,31,historical,0.4766421024,0.7333046208,0.2018164896,0.40807077,2011-03-01
CESM2,2011,4,30,historical,0.9290549231999999,0.9099797040000001,0.34842377664,0.48777464,2011-04-01
CESM2,2011,5,31,historical,6.08163552,0.7464784608,2.720961936,2.6615298,2011-05-01
CESM2,2011,6,30,historical,8.018992224,0.57072369312,4.9344286752,3.680003,2011-06-01
CESM2,2011,7,31,historical,6.218924256,0.5364458496,4.0137908831999995,3.2288165,2011-07-01
CESM2,2011,8,31,historical,3.6186901632,0.6366149856000001,2.4541282368,2.3976493,2011-08-01
CESM2,2011,9,30,historical,0.7423017552,0.7977271392,0.55575939456,0.66963536,2011-09-01
CESM2,2011,10,31,historical,1.8911664000000001,0.4028892048,1.4751602496,2.458507,2011-10-01
CESM2,2011,11,30,historical,0.34207162271999997,0.3345913008,0.28456840512,0.6111378,2011-11-01
CESM2,2011,12,31,historical,0.18012674592000003,0.24236178911999998,0.14741668223999999,0.43076807,2011-12-01
CESM2,2012,1,31,historical,0.1934559072,0.28955284704,0.15020682336,0.42670348,2012-01-01
CESM2,2012,2,29,historical,0.1919251584,0.25379130816,0.13294183967999998,0.42129996,2012-02-01
CESM2,2012,3,31,historical,0.46570148640000003,0.9910689119999999,0.28406439072,0.41540372,2012-03-01
CESM2,2012,4,30,historical,1.1360756736,1.2999232512,0.58282360704,0.6339825,2012-04-01
CESM2,2012,5,31,historical,5.300435664,1.4830176384,2.7522135936,2.1308308,2012-05-01
CESM2,2012,6,30,historical,7.4703850560000005,1.2107483424,4.646391552,2.8430254,2012-06-01
CESM2,2012,7,31,historical,5.852863008,0.8539659359999999,3.8176527744,2.5416236,2012-07-01
CESM2,2012,8,31,historical,2.562474096,0.46512178559999995,1.7520310367999998,1.6198624,2012-08-01
CESM2,2012,9,30,historical,0.32924580191999997,0.36055649664,0.2613978,0.43694413,2012-09-01
CESM2,2012,10,31,historical,0.3396446208,0.31490738496000004,0.22163873184,0.42825562,2012-10-01
CESM2,2012,11,30,historical,0.23877535104000003,0.4725739584,0.15587660736,0.41090378,2012-11-01
CESM2,2012,12,31,historical,0.4678769952,0.43036369632,0.35101363392,1.3995233,2012-12-01
CESM2,2013,1,31,historical,0.22054405248,0.10574949600000001,0.19157427072000002,0.9042711,2013-01-01
CESM2,2013,2,28,historical,0.27795405312,0.7924525056,0.16921904832,0.3969161,2013-02-01
CESM2,2013,3,31,historical,0.46021824,1.1859512832,0.27494924256,0.39133012,2013-03-01
CESM2,2013,4,30,historical,0.7019152416,1.4198842944,0.268723008,0.44362262,2013-04-01
CESM2,2013,5,31,historical,3.5891598528,1.5976122912,1.5012864864,1.3223693,2013-05-01
CESM2,2013,6,30,historical,5.828690016,1.5243750719999998,3.1484662848,2.2199323,2013-06-01
CESM2,2013,7,31,historical,5.264250048,1.5225299136000001,2.8564614144,2.1567469,2013-07-01
CESM2,2013,8,31,historical,2.88453744,1.255540608,1.2985822368,1.4338404,2013-08-01
CESM2,2013,9,30,historical,1.963678464,0.9654405984000001,1.0519250112,1.1646409,2013-09-01
CESM2,2013,10,31,historical,1.4633633663999999,0.50345692128,0.8457103296,1.1573251,2013-10-01
CESM2,2013,11,30,historical,0.965384352,0.3663522432,0.6548141088,1.1396265,2013-11-01
CESM2,2013,12,31,historical,0.37103930496000004,0.3165226848,0.281722752,1.1287729,2013-12-01
CESM2,2014,1,31,historical,0.25075490112000004,0.25494657119999997,0.2017940256,0.71276796,2014-01-01
CESM2,2014,2,28,historical,0.25905187584,0.41664202848,0.14336756352000002,0.4225557,2014-02-01
CESM2,2014,3,31,historical,0.4215146256,0.8329261536,0.20206503648,0.41876757,2014-03-01
CESM2,2014,4,30,historical,1.0099260576,1.0290703968,0.46268723232,0.6472249,2014-04-01
CESM2,2014,5,31,historical,6.1652232,1.1809887264,2.6829007488000003,2.3358538,2014-05-01
CESM2,2014,6,30,historical,7.061824511999999,0.7351553088,4.3276113216,2.9246736,2014-06-01
CESM2,2014,7,31,historical,4.897397376,0.5100787728,3.0681151488,2.3061967,2014-07-01
CESM2,2014,8,31,historical,1.3140651168,0.8957331648,0.7559639712,0.9180039,2014-08-01
CESM2,2014,9,30,historical,2.1338911296000003,0.7202570976,1.4743038528,1.6528617,2014-09-01
CESM2,2014,10,31,historical,2.2471924608,0.49373705951999997,1.6174804032,2.1282525,2014-10-01
CESM2,2014,11,30,historical,0.5385600835200001,0.277617888,0.3684347424,0.8204214,2014-11-01
CESM2,2014,12,31,historical,0.18388768608,0.29918621376,0.15019540128,0.43277985,2014-12-01
CESM2,2015,1,31,ssp370,0.10785682656,NA,NA,0.47469497,2015-01-01
CESM2,2015,2,28,ssp370,0.29551094784,NA,NA,0.47023728,2015-02-01
CESM2,2015,3,31,ssp370,0.46852596288000004,NA,NA,0.46534932,2015-03-01
CESM2,2015,4,30,ssp370,0.8065201536000001,NA,NA,0.4925479,2015-04-01
CESM2,2015,5,31,ssp370,4.3778140416,NA,NA,1.8621762,2015-05-01
CESM2,2015,6,30,ssp370,7.225550784,NA,NA,2.8171787,2015-06-01
CESM2,2015,7,31,ssp370,5.955859584000001,NA,NA,2.594961,2015-07-01
CESM2,2015,8,31,ssp370,3.9769339392,NA,NA,1.8042988,2015-08-01
CESM2,2015,9,30,ssp370,2.7618543648000005,NA,NA,1.6316401,2015-09-01
CESM2,2015,10,31,ssp370,2.0953906848,NA,NA,1.6091368,2015-10-01
CESM2,2015,11,30,ssp370,1.1364052896,NA,NA,1.5804502,2015-11-01
CESM2,2015,12,31,ssp370,0.4669271568,NA,NA,1.5512689,2015-12-01
CESM2,2016,1,31,ssp370,0.15990759936,NA,NA,0.62735516,2016-01-01
CESM2,2016,2,29,ssp370,0.25788901824,NA,NA,0.50476706,2016-02-01
CESM2,2016,3,31,ssp370,0.537685344,NA,NA,0.49921557,2016-03-01
CESM2,2016,4,30,ssp370,0.7175382624,NA,NA,0.5160534,2016-04-01
CESM2,2016,5,31,ssp370,6.006883104,NA,NA,2.4824905,2016-05-01
CESM2,2016,6,30,ssp370,8.68920048,NA,NA,3.6939557,2016-06-01
CESM2,2016,7,31,ssp370,6.671290464,NA,NA,3.3983169,2016-07-01
CESM2,2016,8,31,ssp370,3.7690176959999997,NA,NA,2.6344318,2016-08-01
CESM2,2016,9,30,ssp370,0.54910346688,NA,NA,0.73973644,2016-09-01
CESM2,2016,10,31,ssp370,1.4803293024,NA,NA,2.062071,2016-10-01
CESM2,2016,11,30,ssp370,1.3750703424000001,NA,NA,2.9893787,2016-11-01
CESM2,2016,12,31,ssp370,0.6713471808000001,NA,NA,2.7828004,2016-12-01
CESM2,2017,1,31,ssp370,0.20960824896,NA,NA,0.5543982,2017-01-01
CESM2,2017,2,28,ssp370,0.33076223424,NA,NA,0.49605334,2017-02-01
CESM2,2017,3,31,ssp370,0.49874712768,NA,NA,0.48882332,2017-03-01
CESM2,2017,4,30,ssp370,0.6867963648,NA,NA,0.49150056,2017-04-01
CESM2,2017,5,31,ssp370,4.0442692608,NA,NA,1.5287712,2017-05-01
CESM2,2017,6,30,ssp370,7.059996288,NA,NA,2.910728,2017-06-01
CESM2,2017,7,31,ssp370,5.495674608,NA,NA,2.6265378,2017-07-01
CESM2,2017,8,31,ssp370,2.4044447808,NA,NA,1.6836087,2017-08-01
CESM2,2017,9,30,ssp370,1.0257770448,NA,NA,0.8165428,2017-09-01
CESM2,2017,10,31,ssp370,1.7579748384,NA,NA,1.8839504,2017-10-01
CESM2,2017,11,30,ssp370,0.8869408416,NA,NA,1.911414,2017-11-01
CESM2,2017,12,31,ssp370,0.3771133632,NA,NA,1.2615162,2017-12-01
CESM2,2018,1,31,ssp370,0.13962475008,NA,NA,0.47126392,2018-01-01
CESM2,2018,2,28,ssp370,0.30779834112,NA,NA,0.46469128,2018-02-01
CESM2,2018,3,31,ssp370,0.5344005024,NA,NA,0.45870715,2018-03-01
CESM2,2018,4,30,ssp370,0.845706096,NA,NA,0.4968049,2018-04-01
CESM2,2018,5,31,ssp370,3.780054432,NA,NA,1.5208364,2018-05-01
CESM2,2018,6,30,ssp370,5.5995969599999995,NA,NA,2.4673781,2018-06-01
CESM2,2018,7,31,ssp370,5.0446642752,NA,NA,2.172903,2018-07-01
CESM2,2018,8,31,ssp370,2.9510156735999997,NA,NA,1.512993,2018-08-01
CESM2,2018,9,30,ssp370,2.0339542368,NA,NA,1.3685588,2018-09-01
CESM2,2018,10,31,ssp370,0.7221998448,NA,NA,0.76950437,2018-10-01
CESM2,2018,11,30,ssp370,0.26887927104,NA,NA,0.4864174,2018-11-01
CESM2,2018,12,31,ssp370,0.15135034464,NA,NA,0.484637,2018-12-01
CESM2,2019,1,31,ssp370,0.15952099392,NA,NA,0.47915125,2019-01-01
CESM2,2019,2,28,ssp370,0.26573045759999997,NA,NA,0.4729077,2019-02-01
CESM2,2019,3,31,ssp370,0.4019177664,NA,NA,0.46662056,2019-03-01
CESM2,2019,4,30,ssp370,0.7236506649600001,NA,NA,0.48147056,2019-04-01
CESM2,2019,5,31,ssp370,5.011183584,NA,NA,2.004592,2019-05-01
CESM2,2019,6,30,ssp370,8.052194016,NA,NA,3.0147402,2019-06-01
CESM2,2019,7,31,ssp370,5.807430432,NA,NA,2.7709322,2019-07-01
CESM2,2019,8,31,ssp370,1.3830872256,NA,NA,0.9209564,2019-08-01
CESM2,2019,9,30,ssp370,2.7802128959999997,NA,NA,2.1734247,2019-09-01
CESM2,2019,10,31,ssp370,2.3469537024,NA,NA,2.3364425,2019-10-01
CESM2,2019,11,30,ssp370,0.39730431744,NA,NA,0.70841116,2019-11-01
CESM2,2019,12,31,ssp370,0.24831263232,NA,NA,0.8295721,2019-12-01
CESM2,2020,1,31,ssp370,0.17590873248,NA,NA,1.3531877,2020-01-01
CESM2,2020,2,29,ssp370,0.24244546752,NA,NA,0.47144222,2020-02-01
CESM2,2020,3,31,ssp370,0.56153470752,NA,NA,0.46478066,2020-03-01
CESM2,2020,4,30,ssp370,0.83675096064,NA,NA,0.51132935,2020-04-01
CESM2,2020,5,31,ssp370,3.6664740287999997,NA,NA,1.4671992,2020-05-01
CESM2,2020,6,30,ssp370,4.5676840896,NA,NA,2.2258887,2020-06-01
CESM2,2020,7,31,ssp370,3.5009497728000003,NA,NA,1.8106678,2020-07-01
CESM2,2020,8,31,ssp370,2.3153797728,NA,NA,1.1851308,2020-08-01
CESM2,2020,9,30,ssp370,1.9374459551999998,NA,NA,1.1046089,2020-09-01
CESM2,2020,10,31,ssp370,1.4036733216,NA,NA,1.0936205,2020-10-01
CESM2,2020,11,30,ssp370,0.7740601056,NA,NA,1.0613185,2020-11-01
CESM2,2020,12,31,ssp370,0.43921592064000003,NA,NA,1.0428104,2020-12-01
CESM2,2021,1,31,ssp370,0.19754783712000001,NA,NA,0.7172334,2021-01-01
CESM2,2021,2,28,ssp370,0.27422670528000004,NA,NA,0.47631156,2021-02-01
CESM2,2021,3,31,ssp370,0.46807179264,NA,NA,0.4713396,2021-03-01
CESM2,2021,4,30,ssp370,0.5939050464,NA,NA,0.47075996,2021-04-01
CESM2,2021,5,31,ssp370,2.1453291072000003,NA,NA,0.8086088,2021-05-01
CESM2,2021,6,30,ssp370,2.635009056,NA,NA,1.4468089,2021-06-01
CESM2,2021,7,31,ssp370,2.700294624,NA,NA,1.5721729,2021-07-01
CESM2,2021,8,31,ssp370,2.9768873759999996,NA,NA,1.5890754,2021-08-01
CESM2,2021,9,30,ssp370,2.0501695296,NA,NA,1.3297498,2021-09-01
CESM2,2021,10,31,ssp370,0.45786689855999996,NA,NA,0.49853432,2021-10-01
CESM2,2021,11,30,ssp370,0.22879202112,NA,NA,0.47782424,2021-11-01
CESM2,2021,12,31,ssp370,0.17090669951999998,NA,NA,0.47588593,2021-12-01
