datetime,NEP_median,NEP_lower95,NEP_upper95,GPP_median,Ra_median,Rh_median
2000-01-01,-1.8809077406664958,-2.458296129062834,-1.1124032863890112,0.051015107018389835,0.016167736302652287,1.9039909291826043
2000-01-02,-2.0173555284618656,-2.699418741347344,-1.1412056270251054,0.09871842388050411,0.03103777463420237,2.083507868493916
2000-01-03,-2.2885319455220725,-3.046464821396901,-1.3052005310298864,0.05706833981911183,0.01791009123164493,2.338390948302236
2000-01-04,-1.6287677315092193,-2.3604076054240783,-0.6583377442197358,0.6955315868731293,0.21977818372396812,2.0919963585286707
2000-01-05,-1.5010728349238804,-2.1943337089274397,-0.49671957712646553,0.8004266199504395,0.25557147087771226,2.0378505036749517
2000-01-06,-1.778340408949422,-2.470459938273101,-0.8790309938433469,0.48496215967363115,0.15450428438104113,2.0972526958903575
2000-01-07,-1.6500426650038247,-2.3287356195757303,-0.7176230280339083,0.633499729812931,0.20016534071949652,2.0681388719207865
2000-01-08,-2.0799989563815995,-2.7553149903637566,-1.1582792694818136,0.13353830253079035,0.042038796831114694,2.1579448631508162
2000-01-09,-1.6225038768825581,-2.257836561612935,-0.760543340349485,0.5302969977421323,0.16900104443023295,1.9694700755448196
2000-01-10,-1.286471992071985,-1.919947136847666,-0.44438093616160235,0.7804174379105291,0.24752319834073103,1.8253186561365171
2000-01-11,-1.7869849981254022,-2.313464174605299,-1.057673834759319,0.09289629490777362,0.029554831673816097,1.85140574737909
2000-01-12,-1.7611012673697504,-2.3219855456103917,-0.9688392164955013,0.25162338236985626,0.07950839475240334,1.927571809274601
2000-01-13,-1.575971319260062,-2.1293142404524517,-0.9510468414224164,0.1542480899706607,0.04886419912379464,1.6638886357280962
2000-01-14,-1.4419140773833854,-2.011443651958185,-0.8822072838212607,0.16488242528045205,0.052665976144016,1.5402008205683773
2000-01-15,-1.0382721050719783,-1.700935386975945,-0.32835263190556807,0.8347194410748676,0.263268455254541,1.6167742082904377
2000-01-16,-1.8984820399721762,-2.5325433516851827,-1.0206366456897753,0.3507998506758474,0.11065777978960316,2.1539712001873084
2000-01-17,-1.8495874681109652,-2.762722419457156,-0.6817706400822298,1.029889437519378,0.3203563789547287,2.4914418824843554
2000-01-18,-1.364009348224399,-2.1002482325719245,-0.2703794946608488,1.150847995426157,0.3591328261047775,2.150859822502748
2000-01-19,-0.9565253268415769,-1.68130103965943,-0.09723649700928692,1.1448014181633543,0.35912415035216805,1.766271880145521
2000-01-20,-1.7851360602469475,-2.399570097294739,-0.9124656290454607,0.41607070131666624,0.12990016234629534,2.1124087690087765
2000-01-21,-0.4427279206203391,-1.258769430928743,0.2887387187817092,1.4299012066590349,0.4484792244834409,1.4360122609939139
2000-01-22,-0.8074047576075036,-1.4560061210910287,-0.35438607596089294,0.61779497693497,0.1916359825078816,1.2463519506703142
2000-01-23,-0.712555324930449,-1.3683888233303914,-0.24335374567100404,0.6857465199367916,0.21535547196878319,1.1927275177810561
2000-01-24,-0.19386657805725865,-0.9838038642265945,0.5140471700540248,1.474753261866708,0.45859592814987116,1.1749399275391705
2000-01-25,-1.3574501550398586,-1.967322283557634,-0.6599287721573924,0.43075015529352023,0.13213045076480334,1.6507992430226137
2000-01-26,-1.7349850155436621,-2.3414176443215036,-0.9772433061189497,0.24634029224621276,0.07516248011903864,1.9230312221929267
2000-01-27,-1.8064652182160876,-2.4458481958756684,-0.913015410948146,0.4016148416259169,0.12361462354589402,2.086679884532124
2000-01-28,-1.885939286670697,-2.5166952177768143,-1.0591297141012292,0.17870397101927765,0.055464852680000745,1.9929804629333976
2000-01-29,-2.1023222419391403,-2.784161387072654,-1.1850842078070287,0.12201879492620851,0.03780801080838796,2.1843249781492218
2000-01-30,-0.9459812711190205,-1.868804530210363,0.0611446969249472,1.481079019912387,0.46053454521574544,1.973063109540991
2000-01-31,-1.4477318205950467,-2.2362320990552345,-0.4519654049262646,1.0098653529995802,0.3088826918312567,2.1445329908460526
2000-02-01,-2.167964172276962,-2.9028507396270635,-1.2343765579378023,0.1275566948367871,0.039322518124621855,2.2641640016208613
2000-02-02,-1.5297173165763023,-2.2939753809178134,-0.5540773534244434,0.8737688007280663,0.26748009210925383,2.1050486647182076
2000-02-03,-0.6173564407796285,-1.603932203886238,0.3661030864023882,1.7819384840884092,0.5464548144188999,1.8619955734090028
2000-02-04,-2.0866315882517554,-2.798970275325517,-1.178434443423221,0.17684664910032966,0.05431457324930587,2.211009966409968
2000-02-05,-2.3124248012775315,-3.273739425647234,-1.3103160151872406,0.2896259854973998,0.08991130089698576,2.5113670963426857
2000-02-06,-2.0037696567914507,-2.8807075643275852,-1.1072096078619729,0.41608146620647724,0.13050675722254862,2.3259621892794553
2000-02-07,-1.6971760694933855,-2.5989118843387544,-0.6811204219766591,0.9449309416730092,0.2939017944006438,2.3275092347970587
2000-02-08,-1.9275653090366431,-2.762281052093848,-1.0688249335662625,0.38492488100061373,0.11954344552923729,2.2399957519523044
2000-02-09,-1.8127746573988688,-2.5034055349432873,-0.9594767712726324,0.35083598033777386,0.10911748181346179,2.046709876846239
2000-02-10,-1.5591961384732875,-2.3525882313619007,-0.6106366145800175,0.8351909633290071,0.2597955405522949,2.140999972937948
2000-02-11,-1.5798062484935849,-2.365764943309744,-0.6443044168378746,0.7896309923482793,0.24789431227860265,2.134001966991393
2000-02-12,-1.3537009388969046,-2.1212476862965417,-0.4213420553017528,0.976242891355533,0.3059551387083964,2.008158267323291
2000-02-13,-0.6887484772044254,-1.5821238772191628,0.33424439520222715,1.6595640248777508,0.5175470786605293,1.8090808420353974
2000-02-14,-0.28162876722240865,-1.2805776376839946,0.9481078963805889,2.1734454221552757,0.6789772324243089,1.7598593594623015
2000-02-15,-1.1097758053394742,-1.9558180232970757,-0.16650266379030176,1.288106107248848,0.40112604776076877,1.9852689450342458
2000-02-16,-1.498242325893888,-2.0713386101446636,-0.8260183005416171,0.39443515857575606,0.12303640532202256,1.7429061444361236
2000-02-17,-0.3472818633988761,-1.2947434841890448,0.7835254517049921,2.0181780362462014,0.6257883573117824,1.6599197657351694
2000-02-18,-1.208812027101255,-1.7999656501717176,-0.5826941110909607,0.59245383636472,0.18471407095858572,1.5752568948299563
2000-02-19,-1.4754295767195909,-2.022069439985914,-0.8830404203871208,0.1813416241815851,0.05655864025252205,1.6028943868544356
2000-02-20,-0.7159636163016088,-1.4584637205237367,-0.01924970515414134,1.2382459890531097,0.38901085525249557,1.5524372648975304
2000-02-21,-0.06473501972503416,-1.1322365734046445,1.1597574318484094,2.3172305053011923,0.7281425277382985,1.5968107111322054
2000-02-22,-0.5790463198749398,-1.378583302313778,0.1423384789085264,1.333406826259449,0.4207983842486713,1.4890937150083743
2000-02-23,-1.0785524712458385,-1.744296658189818,-0.38985115716230956,0.8229009018723521,0.261162764951966,1.6159086725066267
2000-02-24,-1.3626695011925758,-2.0120364909744337,-0.4480080749369487,0.8734370285752775,0.27725637132146164,1.9096015220774338
2000-02-25,-0.8668647305449605,-1.8693829212232176,0.2304367588953502,1.6820754957890791,0.5327658556223065,2.004259897109555
2000-02-26,-1.3854696072591748,-2.124236587155174,-0.38970658007066605,1.0391152539261341,0.32900100609617,2.052195763937668
2000-02-27,-0.41893573124161776,-1.6497425107795056,0.9427663140526995,2.3373882435486415,0.7464183694855745,2.0501037596802982
2000-02-28,-2.165791458161129,-3.146895245036846,-1.1895517335328778,0.43291642544670184,0.14040704071270804,2.457156800860626
2000-02-29,-1.3086264744576992,-2.163026163905438,-0.27004147968059855,1.2173691490695284,0.3945786428632102,2.1231315734604133
2000-03-01,-0.701723191092569,-1.8753377371796216,0.5112294660667194,1.9331878877629896,0.6331228256353105,2.0789987943382746
2000-03-02,-0.50135545877717,-1.5401367616120898,0.7910649370120096,2.035445883383217,0.656733168855871,1.890500062008874
2000-03-03,-0.5597919568765246,-1.7838592202888208,0.758388128828397,2.1813415361980453,0.693261512665236,2.0647346642401483
2000-03-04,0.4057858296608166,-0.9618531049707266,2.1849312405677415,3.0609768791501235,0.965957839375265,1.666333857275326
2000-03-05,0.2467211574643756,-1.0500459080048552,1.930298662540952,2.8035950731548454,0.8966167807091264,1.6553508465814142
2000-03-06,-1.874211990153681,-2.6244719444773636,-0.9946508809402185,0.41061669805871603,0.12915259989395406,2.1151023218553346
2000-03-07,-2.088943308966429,-3.0226813295963275,-1.2160444525588696,0.2963130284719573,0.09389031667449607,2.3003961703439515
2000-03-08,-1.8642729675257177,-2.80581259705978,-0.8640010531076535,0.6593938132293142,0.20757550174274464,2.258679051273069
2000-03-09,-0.9000181892730306,-1.9659847429032613,0.15376182524761628,1.5118385483388588,0.4773242468313088,1.9955977227948072
2000-03-10,0.4607018851238972,-1.0080982673040655,2.2681450048853184,3.2432811427061954,1.0378077641481709,1.7317642908746425
2000-03-11,-1.2831993303466893,-1.9698513338236656,-0.5089342828069069,0.7363078293111329,0.2338389732032,1.7708929342783826
2000-03-12,-1.2140664717733167,-1.9241493164605954,-0.4266370830690538,0.8317351692876986,0.26389079025670936,1.7784130426056
2000-03-13,-1.5865214366618177,-2.3683593550013935,-0.6481859413399602,0.7278801688156427,0.22770036630989735,2.0752223721034264
2000-03-14,-1.0335948109738387,-2.171290681472747,0.09248170781912926,1.5446227546560085,0.47970679771364194,2.1047349011127556
2000-03-15,1.1763975854986535,-0.7027018043055854,3.6404085548803753,4.720929660770681,1.4484913477478945,1.8993934276520872
2000-03-16,0.47436887703753927,-1.0499635940945071,2.4890517918571886,3.6442636094817518,1.111741410933976,1.8867937758097113
2000-03-17,0.5319645470071709,-1.0253742072143037,2.6103772128638383,3.753501504422281,1.1484886327798876,1.883181697933265
2000-03-18,-0.5378507143146194,-1.5803542889321318,0.7646063145581172,1.995980129085718,0.6088617943247021,1.8416404819567762
2000-03-19,0.38077130964734596,-1.325553964317597,2.607194531437859,3.8826129491509116,1.1693292604003092,2.123922902281652
2000-03-20,0.0667765802429327,-1.8987750212330736,2.340596471877868,3.905580809957284,1.1689243679956158,2.4251276691327117
2000-03-21,-0.08893013557981029,-2.0561687039866143,2.233094761383821,3.87390943280725,1.1609156124057494,2.566748031602042
2000-03-22,-1.3839875905064063,-2.5750079377564608,-0.03623571765271379,1.6729778081750235,0.5092646876607007,2.40560962755292
2000-03-23,0.6850810084406975,-1.1564834711608332,3.2398453500912154,4.446512163752248,1.3150045048353731,2.1791986066596056
2000-03-24,1.0273200590318825,-0.741956491602574,3.5959603189281766,4.572655136125675,1.3424944417279354,1.9111600904061867
2000-03-25,-1.160636272386152,-2.182499187969146,-0.04279509115781997,1.3402686934153785,0.40353694421818054,2.0906872104744654
2000-03-26,-1.6589869538383049,-2.518047919837492,-0.5732893097298458,0.8872289430105398,0.2651613892846355,2.176228767383408
2000-03-27,-0.9659379880631045,-1.9383509575133107,0.16792373420835743,1.483448497849807,0.44083441140975255,1.9806642426119634
2000-03-28,-0.2600958659220103,-1.3901741740389348,1.270600705153571,2.3889817946012535,0.7120709075964198,1.8147374672437997
2000-03-29,0.9075784533477766,-0.8508801233499623,3.4066151543580974,4.455658924135992,1.3301907135742113,2.0067017242105756
2000-03-30,-0.5151540933162566,-1.8415024271647114,1.1444619609085125,2.470324889298575,0.7364789390245405,2.138057652681171
2000-03-31,0.3884341357969042,-1.4951252112806528,2.7978611549791617,3.9882416612442917,1.1914552479995453,2.230905993903037
2000-04-01,-0.7476382597241948,-2.068461068920583,0.7448019460233704,2.2567394550104787,0.6685813358603923,2.24413330863885
2000-04-02,0.24287022201056863,-1.611065843726725,2.522586845662504,3.7052587633364285,1.1129372668184216,2.2334958991507
2000-04-03,0.33063053845160784,-1.913130300373004,3.143256028434835,4.491815879866095,1.3580053378397898,2.6065395921133687
2000-04-04,0.1210084683554784,-2.034743909056311,2.868133279884404,4.270187215432147,1.2747798301749653,2.6566044786970218
2000-04-05,1.2238469203159248,-0.897659065643956,4.166213554580363,4.875591592765007,1.4361052681755782,1.9645040162690153
2000-04-06,0.34749924104253005,-1.5605276377950683,2.853240400585572,3.84781049045716,1.15657556902272,2.2093269936789506
2000-04-07,1.343043376606369,-1.4518995404782993,5.328930995881742,5.905765836151854,1.777501845794562,2.5085884221915604
2000-04-08,0.23090909419906686,-1.8794774291653247,2.9596050885668936,3.8620029466018173,1.1519939847571044,2.393751002428881
2000-04-09,1.6477170320510417,-0.7141215879062277,5.382938197935244,5.606662939749452,1.673016900247129,2.043424130659642
2000-04-10,0.9789536211273684,-1.24627985268523,4.265626175619055,4.8024908001280835,1.4228087969494878,2.144812082906595
2000-04-11,0.959011447929934,-1.1464698764195331,4.1927993657255636,4.7590008555667405,1.4055954022392891,2.1267340517499873
2000-04-12,0.8038652943656277,-1.4484683740512192,4.100391310126053,4.758519152523682,1.4050421479908652,2.2840773892343216
2000-04-13,-0.3968032222507828,-1.9545847498247308,1.7766206907662847,2.8594112641856837,0.8366832045065,2.2996888325857396
2000-04-14,-0.26648385137077235,-1.866483369772122,1.9637523605170228,3.017932577526458,0.8824426678943342,2.2502546890977966
2000-04-15,-0.3390877102443015,-2.027798925672961,1.9589756140843786,3.0732900402871923,0.9014236699237532,2.3822956098529793
2000-04-16,-0.38956877280286295,-2.170716365372976,2.120330708739919,3.2743976677891165,0.968640117582244,2.5250756251128466
2000-04-17,-1.2584076298084348,-2.8173600854786596,0.6536864015974191,2.23996311751411,0.6779016241208125,2.669320132183569
2000-04-18,-0.8169240574036077,-2.6486756066853325,1.7793075981207993,3.189830721585377,0.9652526054393236,2.804616718045545
2000-04-19,-1.9349998537755462,-3.2085175905661485,-0.7233029573326686,1.138715059544889,0.3406058520703299,2.664030313392864
2000-04-20,0.5567356787871831,-2.2556661672517055,4.785708264454055,5.6351989944927094,1.6786647983326,3.022080710579493
2000-04-21,-0.12529344399305736,-3.219043300791646,4.432951455922084,5.682821274828367,1.6642548653923304,3.73351408140634
2000-04-22,0.2322816649559701,-2.983862613354556,4.914471893024868,5.971563013646925,1.7637814754227996,3.56300939690179
2000-04-23,-0.886862286074833,-3.369794002926089,2.4389166978456847,4.092140107969152,1.2182651482766724,3.466568468237761
2000-04-24,-0.8738997237170132,-3.0668424076028833,2.0931332899659947,3.6457483712411705,1.080961237786262,3.157782654298388
2000-04-25,0.6743849156508057,-2.3746108371210353,5.165315981289224,5.89565216917909,1.7373799681611781,2.990604757528891
2000-04-26,1.288200537912826,-2.1345494440155015,6.478281869934813,6.943436248475945,2.016172460374058,2.975445639144309
2000-04-27,0.1632498710420032,-3.4462622893883523,5.388192099368965,6.509389583976945,1.9087124483575888,3.8699799609622088
2000-04-28,-0.5844674082118773,-4.24276687803774,4.476758586543328,5.982686109688029,1.794353528217058,4.22991909604619
2000-04-29,-0.09471155580671223,-4.610889306115908,6.271175462858544,7.61097311182327,2.271793322812663,4.75842356352439
2000-04-30,-0.641907814009275,-6.349023806064758,5.643377485809151,7.596091557642037,2.27025037064616,5.456860187749712
2000-05-01,-0.08668260229458687,-3.619305846490717,5.0240765924923885,6.227939430064209,1.8781468682886864,3.9361798958093335
2000-05-02,1.6943442078590718,-2.164433046556291,7.422199231642278,7.696625181942336,2.3147162876145972,3.057535634973984
2000-05-03,0.954854727364821,-2.968697463825578,6.6303627137160195,7.320850965641803,2.1832768978974357,3.6461891538783555
2000-05-04,0.6573689926817898,-3.0894143751331677,6.278985664406338,7.111432169802422,2.130655050673299,3.7223535661289553
2000-05-05,0.6183131034476599,-3.123370889349119,6.255224255777522,7.131849825436559,2.1217497763325435,3.7557908440846193
2000-05-06,1.054415498001256,-3.1598339930593577,7.224425149541554,7.961946391562066,2.396184589107192,3.8805050899952684
2000-05-07,2.477073825504779,-1.837600118224164,9.199518621165748,9.146330170439345,2.744819229198446,3.1520807396128045
2000-05-08,1.9990880877087052,-2.8818861032408756,8.983321345616396,9.368839088055637,2.812771876126861,3.957663534945821
2000-05-09,1.6877488976448882,-3.0729255385716963,8.602326860359897,9.093739592436183,2.71164287681703,4.047257359233042
2000-05-10,0.815039758063112,-3.968793879621841,7.714095851929828,8.664237061622952,2.5664924563246956,4.59661480670997
2000-05-11,1.800593423825072,-2.8520201316466913,8.697168927868562,9.138914837935577,2.6817758104902163,3.9197998488114463
2000-05-12,2.589139069724638,-1.5051113667215383,9.648348658561634,9.492416415333718,2.804040405638615,3.178056593006036
2000-05-13,2.0371734962405013,-2.7747912512598534,9.184260865053254,9.350890824852952,2.7840681228582187,3.876859124329277
2000-05-14,0.8833724847929489,-4.589224713878494,8.49634818613349,9.52680939278883,2.820209884651759,5.095247059429385
2000-05-15,-0.10978560297538746,-6.484798457117494,8.013963494038165,9.554017901737694,2.83361047679605,5.986191110670058
2000-05-16,-0.04353502301153406,-6.102891935758686,7.875302673714033,9.243501979344954,2.7916098511871574,5.790700921358799
2000-05-17,-1.5612209270902677,-5.19171626130858,1.622879297624415,3.8116714618652114,1.1648305176621114,4.2153915010229355
2000-05-18,0.1242741777031423,-3.0641408060645046,4.385467699207807,5.250338896940084,1.6195160594870914,3.3162212519779377
2000-05-19,0.23684229498365347,-2.7453626907317608,4.2747503546371135,5.116029689154976,1.5538498036349018,3.1096256941463785
2000-05-20,0.029736347877111165,-3.0063011532288395,4.199360298572057,5.221697585074795,1.555548903062705,3.2865744410251776
2000-05-21,-0.8457620116882278,-3.1172647353547376,2.1758644039472745,3.487696583210935,1.0353915398359406,3.077118262372509
2000-05-22,0.9250985452140214,-2.8156046607334844,5.9903666132245,6.624501174582041,1.9627511226667114,3.3789667358054065
2000-05-23,0.9851249185444495,-2.989291359742386,6.2892081972798,6.918275177254152,2.055745033852962,3.59833228020248
2000-05-24,-1.3088242144739015,-4.170427354823648,1.7175973184554567,3.5232164993525696,1.0464819769318245,3.676762211656307
2000-05-25,-1.532418818853782,-3.8069900178861644,0.63758056920923,2.5002152317936543,0.740154764747768,3.2284464577166307
2000-05-26,2.1047128088711426,-2.3662115405875848,8.552440633562705,8.487688305727158,2.540310285599118,3.402287659104628
2000-05-27,-1.4121191352529552,-3.854278425820585,1.1598534279985258,2.942049926792783,0.8646395325848464,3.418613313325829
2000-05-28,-0.963525142054569,-3.420237948715375,2.198964693345274,3.575755847870703,1.063478552245186,3.3194146537518527
2000-05-29,-0.9587105976412353,-2.9598008048492392,1.6614839456806723,2.933498087773601,0.8726845739565723,2.855730717744027
2000-05-30,2.0284869282473874,-1.6730452071771345,7.990837778362586,7.712769715325054,2.319584247989787,2.8796142423147084
2000-05-31,2.734661798980218,-1.6305455070369836,9.580970601372723,9.012085427905603,2.6791823833876904,3.085900615786831
2000-06-01,1.009321870824372,-3.0785026783463305,6.591904101626341,6.953086056355079,2.1163727795636422,3.6721402188675327
2000-06-02,-2.3155848905082217,-5.016377079624367,-0.12987279923541437,2.1544796401897486,0.6448106992740578,3.7818844095453414
2000-06-03,3.434794873364214,-1.6292249672032533,11.502561804337997,10.596031819890202,3.1469608289713578,3.3911081987435034
2000-06-04,-1.615199504538659,-3.3825295272566773,0.12090949174075219,1.7677222763886036,0.5248591227059236,2.879604006626126
2000-06-05,0.6664375585428719,-2.843790478952048,5.4651805066185055,5.934936089468948,1.7483394250038966,3.2763006716965215
2000-06-06,-1.8056238719471176,-3.3543129199706008,-0.36802808688598904,1.271015955829006,0.3785136801979404,2.671411452524347
2000-06-07,-0.5548757683236178,-2.8886829774964937,2.4977477468355924,3.4747191568038343,1.0290799196435685,2.8765099128349165
2000-06-08,3.2436616718291393,-1.9117661954235126,11.351086544998992,10.253165556037704,3.0877455156148863,3.498801685954419
2000-06-09,2.60647017094817,-3.2851986836104916,10.494890272596306,9.878863794334729,2.9992196521956305,4.1292192713850895
2000-06-10,0.9352200755020754,-5.791445106308753,9.428435002201333,9.749441154618502,2.9608871097733216,5.541068777536088
2000-06-11,0.7336075884039035,-3.9011310639748564,6.5879619401286185,7.007462232127323,2.1233716135356473,4.024012583032709
2000-06-12,0.21389355261282533,-3.9657011097223513,5.448378790015148,6.118579560441672,1.838172443547526,3.869477092557691
2000-06-13,-0.21856927303200296,-4.514492741163432,5.104592480997855,6.091076157899966,1.8157373093199283,4.1404137727336146
2000-06-14,0.5882156846039637,-3.6953336964300307,5.859113510526195,6.436074183522199,1.916902549925442,3.7058853947369745
2000-06-15,2.492554664849962,-1.811544690394937,9.431851146239216,8.980450384958205,2.6522195081653317,3.3616911931647584
2000-06-16,2.249121051939598,-1.6006517624491963,8.57649201542057,8.160104737738092,2.42543270094549,3.147344629868918
2000-06-17,3.0201980415355,-2.230909421338975,11.027735465822206,10.244488322660866,3.082559160979459,3.7539019852216917
2000-06-18,-1.2894194757871618,-4.616989753788539,2.4947974173384257,4.062990508443508,1.2224560125779353,4.059719378573092
2000-06-19,0.5435809499196245,-5.729637178457949,8.170597744984192,9.015614876723962,2.7100337576396685,5.513212530423797
2000-06-20,-1.2545097443744764,-12.312458135825008,7.631215684017333,10.04903118771707,2.9915750810459802,8.3694787932506145
2000-06-21,-1.1384274227084743,-10.604306167519388,6.917761140459765,9.180631428002766,2.730396235430322,7.577092079108615
2000-06-22,-1.1232987104718797,-5.35346707224183,3.6107419371304013,5.345861424610155,1.5868434250964096,4.651409104356701
2000-06-23,0.9960272371220997,-4.243388010151395,7.372904198804701,8.063777506399251,2.388668268212359,4.308353103326723
2000-06-24,-0.6711728915512317,-3.8771352807515207,3.227227256241572,4.56796015483651,1.3509684926834995,3.745743243401562
2000-06-25,-0.2761528984271158,-3.639206566151918,3.7177642328976237,4.823261431280859,1.4227496471905403,3.5968818988914046
2000-06-26,-2.079106216047275,-4.119737183809965,-0.26191719813938197,1.6826521873260194,0.49422828531222746,3.243068669700416
2000-06-27,0.14207886656322488,-2.9094352944639805,3.8892498924927796,4.748791863871723,1.4030222075578187,3.162833586076582
2000-06-28,0.5361534619137006,-3.0881696566632106,5.002786348650231,5.753836721191295,1.6868180337010763,3.3828898746500315
2000-06-29,-0.14843889610963704,-3.5401630523394862,3.734740798508505,4.826002787548422,1.4076464723144961,3.4774291427435404
2000-06-30,-1.6687609751957355,-3.795759821771634,0.39764390082336876,2.1975380878657775,0.6418811352029437,3.233707510859745
2000-07-01,-1.7498669100836706,-4.001236672056107,0.38181088352232856,2.274165493867409,0.6634394463219537,3.3290536089830107
2000-07-02,1.2014954310203882,-3.872528972698522,7.397696912100871,7.987585317769108,2.332719583268216,4.094739747286172
2000-07-03,1.5932306300585193,-4.536521051148359,9.078467240328617,9.655221589564604,2.7595778505397908,4.740030895331463
2000-07-04,1.5335161843952747,-5.100867837573872,9.704505114419092,10.302700520984486,2.9793785250981606,5.197845281538632
2000-07-05,-2.106798808690302,-6.152364894997573,1.2193651005013255,3.5849309681342483,1.020823367952755,4.576447988897531
2000-07-06,-0.36298447877748785,-3.738928421541324,3.6683004305622164,4.968541783501496,1.4101120031338805,3.6190074217189148
2000-07-07,0.011240217502069301,-3.194215806658499,3.7371532263809826,4.78810790843249,1.361271917857027,3.230093599915663
2000-07-08,2.439505555612719,-1.9990780477911099,9.181051084712859,9.077488396005496,2.5934394669369114,3.4430496873715692
2000-07-09,-0.8357536333539177,-3.7465382752659133,2.321855780028018,3.785904343605463,1.0833470247335089,3.4227064881296028
2000-07-10,-1.332429810633701,-4.271612650303933,1.6318593583994998,3.362258743454679,0.9563046868938314,3.6596990608207958
2000-07-11,-0.6074732074747189,-4.329379702546382,3.7113351261256193,5.097378174559573,1.4133942372376898,3.978342347302952
2000-07-12,0.7386456758132014,-4.015554890703062,6.2367026044826765,7.078761055131128,1.9395357775203097,4.0084223224066164
2000-07-13,1.0112962005771986,-3.193429233433844,5.940168822960218,6.619586339683552,1.8095974123671974,3.506767430754482
2000-07-14,0.8716722474385146,-3.7436441379816614,6.295460477852107,7.06891950687263,1.9062088146054161,3.8752916096961387
2000-07-15,1.3410718149663048,-3.7936863368817866,7.38921446236354,7.944596658908539,2.1525002775251605,3.975137766863658
2000-07-16,1.6105713693714854,-4.221324590083878,8.552693111235316,9.052876346679462,2.488754444922357,4.463226374982777
2000-07-17,1.6258965795644964,-3.9740904012727905,8.362863367807039,8.80458537132123,2.4780481347467127,4.267042540612566
2000-07-18,-1.4325330477143055,-4.050001110140041,1.3871678093260358,3.042022732647325,0.8683835497541175,3.536317750791091
2000-07-19,-1.801259214383054,-4.412913052768187,0.596872047272031,2.568048613573593,0.7247117083008578,3.646351732943501
2000-07-20,-0.3343579933678435,-4.284518635989054,4.375438379952312,5.570037092147471,1.586295094329277,4.076673514743609
2000-07-21,-1.467876967375743,-5.2303660240386,2.0474514026868977,3.9583672359174846,1.1338717403484195,4.299559366205296
2000-07-22,-0.1645036003746304,-5.011071176682014,5.383275637630639,6.6484404009799505,1.925342789959791,4.677699441252917
2000-07-23,-0.6068488550659217,-5.979912651207526,5.020304869675821,6.591096839755179,1.8822526772801706,5.112989324254922
2000-07-24,-2.23248594247329,-7.034119842757306,1.1923721917137413,3.5757178455786836,1.0119750302127044,4.971022396019148
2000-07-25,-1.5751840867496625,-4.999531834906861,1.8761974726240631,3.7117218975819197,1.0378233661572323,4.145018160611256
2000-07-26,-1.018482664744747,-5.68622892270219,3.7530616372013306,5.482811954938283,1.5267847162143684,4.85903426935802
2000-07-27,-0.33718781807599324,-4.823095400102025,4.774788942779745,6.1413522625334895,1.715849752368229,4.575568479137294
2000-07-28,-2.1449030988189968,-6.110177531335857,1.0850347571904577,3.3259964419442483,0.9279717650660508,4.566398399405539
2000-07-29,-1.8322304055691596,-5.814947400882154,1.5809631172848786,3.7593005993814206,1.044841003032021,4.519704341361706
2000-07-30,-2.17917340237135,-5.680849082687995,0.7341569298094845,2.8975132100218897,0.7978024626092148,4.254792430702987
2000-07-31,-0.9849900836929697,-4.460873467779264,2.973962271188906,4.460910480343289,1.2416841851246385,4.099623309913893
2000-08-01,-1.5691302075790232,-5.6615083889056015,2.398741019343837,4.264060236050472,1.188556471097874,4.555969861538914
2000-08-02,-2.1028776204164297,-6.350238678884574,1.2797506912673833,3.4764767210819003,0.9672147967928132,4.664091941635431
2000-08-03,-0.412125718084539,-4.555468500742823,4.396793749013907,5.692316044638986,1.592550224385107,4.316239792200837
2000-08-04,0.17203307426542008,-4.398140617924126,5.8734284265793715,6.900275715476626,1.9184309431000188,4.503548615522849
2000-08-05,-1.6595393912138587,-5.056322380467833,1.7392210297052382,3.581597720697104,1.0066809602041422,4.103083814754901
2000-08-06,-1.0659079213649272,-4.99824680014236,3.012088528726987,4.5971731519967545,1.3093105733672872,4.320984250131089
2000-08-07,0.45220493740605316,-3.4802070805168333,4.941572237563641,5.828102423799862,1.6350331857587115,3.640124769004613
2000-08-08,0.7080440589710447,-3.4814311593360348,5.5835694359026595,6.320425074813199,1.7921523728289803,3.699754398343189
2000-08-09,1.9486205136498114,-3.349202224269836,8.651502104056839,8.793746456667584,2.514418974144567,3.989616551162489
2000-08-10,-2.371870726727055,-5.549165889277748,0.11418510616125876,2.2272168871820996,0.6371207626070636,3.993444084183543
2000-08-11,-2.6599201430391375,-6.109382877726198,-0.20089119359687366,2.022771029436874,0.5789271170297703,4.161480331434423
2000-08-12,-0.1394475339392398,-4.096522607637386,4.805702666994334,5.960086922220501,1.6754647443667756,4.129459603533746
2000-08-13,1.3495381578510104,-3.884864753764675,7.861701112428925,8.44241246529436,2.38493668237384,4.48008123929935
2000-08-14,-0.2167037744181821,-5.349500809024649,5.393693981868237,6.782534683757017,1.8998722320870063,4.991173409275399
2000-08-15,-2.502587288808681,-7.514598243798052,1.2377346606286614,3.58394318964506,1.0142031632666586,5.206643503716428
2000-08-16,-1.078567290413829,-4.908983899577498,2.895112911731664,4.6019692658950335,1.3102867955230777,4.342468890396342
2000-08-17,-0.5523512359433735,-4.761511598101392,3.9224778851397897,5.432331835626568,1.5582071869325826,4.4153971878579785
2000-08-18,-0.5423474926167055,-4.840956068675423,4.008441110381835,5.515415378482286,1.5919842245128302,4.493430815975478
2000-08-19,-2.523502214264694,-6.354808671801088,0.3857460465095246,2.5663345916902722,0.738195721445587,4.450350205993823
2000-08-20,-0.8078738970681877,-4.931140624937571,3.456404386808134,5.053068722288437,1.4754771574167338,4.4019849268801075
2000-08-21,-0.04832916427033333,-3.9236084028998297,4.349194539736525,5.541364595824909,1.5773817245625898,3.9832428616701128
2000-08-22,1.2772575637309678,-3.2457718303435437,6.82557169779577,7.407005949884834,2.0995012014200096,3.8157839503910713
2000-08-23,0.9550071413133939,-3.2471037719806572,5.8905284117725225,6.609239442469168,1.889444023040061,3.731446883276595
2000-08-24,-2.0462722225993604,-4.819589563854981,0.33257428846511594,2.291996255188712,0.6478400698059468,3.6630938385028045
2000-08-25,0.7748220000178233,-3.9951132479852793,6.2966962287654376,7.232675005361182,2.0441222938383605,4.250708052127781
2000-08-26,0.9104774287840105,-4.084375268571582,6.675780230605896,7.573419311955861,2.150834213798018,4.408089078113791
2000-08-27,-0.5279039192359072,-4.82267731056597,4.060550521311769,5.553289009997069,1.582355121197736,4.4363858029231595
2000-08-28,-2.2543809273571,-5.822968954863191,0.5764661517231285,2.730828561382983,0.7620748562198633,4.218069993800196
2000-08-29,-0.007333842421963745,-4.2584145943543295,5.144729650524855,6.390167964512937,1.783343189407024,4.319689570475825
2000-08-30,-0.21531873968733295,-4.042510411968248,4.23907841904826,5.570447025607772,1.558833956130103,4.027963053093293
2000-08-31,-1.18055438843653,-4.0224825794380745,1.598206808245189,3.3003303322604673,0.9270635883977524,3.49806279664167
2000-09-01,-0.1441076877912954,-3.909892467038364,4.149835718334829,5.461671412296528,1.5279465184830747,3.8970575644085663
2000-09-02,-2.842980835265381,-5.403675140812004,-1.214099138775829,1.0608781182703209,0.2961335632569217,3.6591275634055225
2000-09-03,-2.04131889638731,-4.5502612644645755,0.14390913233142644,2.05285121497291,0.570975627511378,3.416726551215837
2000-09-04,0.11924160282204807,-3.2676940834566404,4.0100925815722,5.124435653269746,1.443797050946932,3.35671241874286
2000-09-05,-0.773753371154538,-3.877209777369931,2.6056203669302236,4.149996198945586,1.1711683926351621,3.6152137386245258
2000-09-06,-2.1270877724103863,-4.713388746972464,0.08192132248273136,2.0023565882658443,0.5690659694793749,3.5096456560766076
2000-09-07,-1.7194539956794248,-4.720396405203626,1.0525236844489259,2.8582734646114214,0.8113951394918171,3.721285472618799
2000-09-08,-2.1279072806459984,-5.36803554031877,0.6473756741509301,2.607052008506824,0.732019537627837,3.942391539324599
2000-09-09,-0.5202405223284343,-4.234297716812533,3.8774682682585992,5.386934836039842,1.52284099967767,4.100772759572835
2000-09-10,-1.1739335576838559,-4.182227995823296,1.9204474092153636,3.632214160567645,1.034188485245875,3.6441451624721357
2000-09-11,0.24310731791323076,-3.232735084744908,4.4300762040667045,5.494661261010594,1.565710818294093,3.402864284406264
2000-09-12,-2.498464633337498,-4.430101884489306,-1.1172675683850253,0.9336013196535442,0.26155968765211757,3.137132138809526
2000-09-13,-2.8441694069890455,-5.169225189970599,-1.3515817987649332,0.9185081715078132,0.2527468675411815,3.4617123105910874
2000-09-14,-2.327423178871274,-4.6288954725570814,-0.5130856703080892,1.4801571654416676,0.4068701818595353,3.3049638626497777
2000-09-15,-1.9586815602514525,-4.5082599363895275,0.23438092051807702,2.1491400307518074,0.5884402712502357,3.420394129503449
2000-09-16,-2.0892216625199795,-4.745128303539465,0.2063432866527982,2.196068062100192,0.6051194926731724,3.5642309792043547
2000-09-17,-1.6060795619531656,-4.172230262986763,0.7061571867757591,2.49135445330184,0.6951028234723001,3.332628546416024
2000-09-18,0.8076000482886745,-2.832588962978752,4.972726118558562,5.7063948296906215,1.603658209853711,3.027251341945777
2000-09-19,-1.025980569224965,-3.248419638693769,1.2858026242623315,2.808502218622264,0.7774818778882371,2.9590603026062663
2000-09-20,-1.4818402433745477,-3.878300140453228,0.7962642362843965,2.5670129982487744,0.7111400771814652,3.2318072592254654
2000-09-21,-1.195143038134121,-3.8782083992577148,1.4740620643125923,3.1702126151511667,0.8674783197808714,3.3267911395012106
2000-09-22,-0.6318353032990702,-3.5027717749530236,2.4234245375076955,3.852725657461173,1.0588761825698323,3.171414094986086
2000-09-23,-0.31703734878575096,-3.426395397648956,3.0597318111552942,4.35938445893598,1.21025684993407,3.207329105422098
2000-09-24,0.43154550421680726,-2.816693673814483,4.272399334230132,5.195981578106544,1.4665018235730058,3.0312235920612904
2000-09-25,0.23948234955807085,-2.8261406523803316,3.768462513928813,4.756685038990874,1.3345580192474493,2.9319319619491866
2000-09-26,-1.9355436764188432,-4.274306703311351,-0.12550859664687894,1.7766908731363809,0.5022617652595971,3.1394004612828073
2000-09-27,-1.4513174725353322,-4.7684953634101195,1.558867815005696,3.340497022144966,0.9479040818098419,3.7619003591513116
2000-09-28,-3.0909970698721545,-5.893628000161328,-1.43232850266134,0.9593015734020713,0.27068290240189496,3.8019744524602563
2000-09-29,-1.6991896851653165,-5.695876716124055,1.8620578793768787,3.847040497107633,1.086468373773824,4.3349324485059695
2000-09-30,-0.929523356797004,-4.373416951336559,2.5635191548432745,4.218441746748722,1.1734765630477935,3.71008262851102
2000-10-01,-1.3924598451666674,-4.335074574821711,1.3613139997814228,3.0843205543271734,0.8499307796661467,3.4617465714379367
2000-10-02,-3.3029485420224267,-5.534511400209206,-1.7232399131424307,0.2348291768800116,0.06470839556520389,3.445074589905154
2000-10-03,-1.5182052502062104,-4.069386539531081,0.6814557151761226,2.430709883006599,0.6757452243067441,3.1619633401563485
2000-10-04,-0.849829165904022,-3.8379657574383392,2.2120662589658173,3.6869923859302824,1.0361035100871097,3.4035113567313156
2000-10-05,-2.0363822654938506,-4.463677017894422,-0.24365842725901976,1.7044173479972917,0.4858888145821175,3.234591910539888
2000-10-06,-1.8964642758048655,-4.138562643360654,-0.16167736929778004,1.7238068022215272,0.5027310511152725,3.1073816686021347
2000-10-07,-2.097039476284066,-4.0296404136563115,-0.6962542245545715,1.2397610550178177,0.3651334023548666,2.9327958210659872
2000-10-08,-1.7513698216023417,-3.2611198895775817,-0.4712365567579191,1.2365991787901087,0.3582997940131044,2.619361857027865
2000-10-09,-2.263857237043355,-3.575849006281067,-1.2917305566985025,0.5210192137920314,0.15321908769031872,2.6109599882569077
2000-10-10,-2.050679805150835,-3.5052920943216215,-0.9644181556734586,0.8683842399256185,0.2545469769832278,2.673887115132793
2000-10-11,-1.8737891624118153,-3.3849974315395004,-0.6819505368341177,1.0905451695168855,0.3131119304304537,2.6674695577919394
2000-10-12,-0.6989944748279766,-3.1632261247537894,2.056227534402185,3.38152004072942,0.9736705348526735,2.9698372959369936
2000-10-13,-2.379218888357618,-4.1541874975704305,-1.1274952926925466,0.848769248879657,0.2425187223430365,2.950000857052273
2000-10-14,-1.0741984254177919,-3.105477031017557,1.3179186645126728,2.716767504894899,0.7863242315371769,2.857325254750589
2000-10-15,-1.4796948838033694,-3.3263964247554028,0.5734551851032625,2.143449508882926,0.6060766841163857,2.897553347777887
2000-10-16,-2.372373874426666,-4.864239579021902,-0.5386186126382178,1.5409771470927245,0.431483035103708,3.481631059397877
2000-10-17,-1.7066133250062236,-3.930359499491872,0.47046793821540545,2.2364024877102393,0.6294048811979855,3.235170213082432
2000-10-18,-1.3631817810020483,-2.9944035553993125,0.4843157181372977,1.9745710028260066,0.5527689823765384,2.7027017642198805
2000-10-19,-2.3819431219249303,-3.787272518457652,-1.2470134863466589,0.603213501401733,0.16947202616573598,2.801892986214453
2000-10-20,-2.523759680083673,-4.054387155044666,-1.3362387657442893,0.5167618888529897,0.14283039766567907,2.902980116295168
2000-10-21,-1.9091196460628184,-3.7224771782364985,-0.28585641818885027,1.55759035030081,0.4313907732612692,3.0333593049761096
2000-10-22,-2.73636271083188,-4.612850555556026,-1.368829120508753,0.7445140021075916,0.2056167020453661,3.2679729438152094
2000-10-23,-2.268477582026615,-4.441236072266568,-0.5986501133555107,1.431316908741164,0.39933827860528437,3.343812156990929
2000-10-24,-2.1815857221728674,-3.90265523218034,-0.7499050940864128,1.1796379849421572,0.3305289182666149,3.069971153202512
2000-10-25,-2.768557495704362,-4.229569241685675,-1.5460765637843377,0.184019602047085,0.05111290471958829,2.9122175446909324
2000-10-26,-1.8538630283187156,-3.254023413119378,-0.5211096631746506,1.1880773175762913,0.32966244782650966,2.730683409335467
2000-10-27,-1.7418809095670993,-3.241664409780144,-0.2659623267949494,1.4199209761948444,0.39494017943246107,2.774235420988809
2000-10-28,-1.9314875317971003,-3.710203618330688,-0.3265808745777329,1.4750456405094783,0.41368635939419085,3.0577813519767107
2000-10-29,-1.8212338350420285,-3.448637151846648,-0.2851919726493399,1.4622960945889472,0.39812570736820174,2.869748229092393
2000-10-30,-2.3653402278920934,-3.803085683136446,-1.2496967108096293,0.5614095853071774,0.15500948790174232,2.8160049623465513
2000-10-31,-2.1400486100161906,-3.4532908794058272,-1.0893455821091622,0.6582226513562544,0.18330449384644862,2.66824652432401
2000-11-01,-1.880478937198165,-3.2152101031501665,-0.7304939202526309,1.0212251071551566,0.28376821882902176,2.645864319792355
2000-11-02,-1.902489419304455,-3.00305750663131,-0.9867652902301425,0.7052209800775093,0.19446434205544666,2.44515930936992
2000-11-03,-1.8339851513799412,-3.1255998183614815,-0.6805618783550597,1.0336031872900435,0.2862123412779155,2.6117894615190527
2000-11-04,-1.5309768567191093,-2.7718269994803926,-0.2688559601236386,1.1682789151661956,0.3218559027053185,2.385525474080282
2000-11-05,-1.7327622394234419,-2.718475509099571,-0.8073311178336946,0.7033676023198836,0.19606915449589374,2.2569679290128657
2000-11-06,-1.4527485536333828,-2.757544420778836,-0.11008802899881416,1.2892588576567772,0.36024387403581,2.396936177107084
2000-11-07,-2.3028847010895013,-3.4062608467602904,-1.3018017060095726,0.4293678111030014,0.12048774161633405,2.5850442285581448
2000-11-08,-1.9321346343918555,-3.0394376453144485,-1.007506877766424,0.7224775125583691,0.19919369397858394,2.4676932760053614
2000-11-09,-2.201299340586786,-3.1960193803131447,-1.2727995107396886,0.44210904036798454,0.12384905594605287,2.4920137862970346
2000-11-10,-2.173899262784931,-3.1583274795868235,-1.2732523552908885,0.40614189155375935,0.113440319280624,2.440553246719266
2000-11-11,-2.0189744875619415,-2.9625650620221826,-1.194502876068979,0.4097949808339574,0.11464573179195692,2.329893547381038
2000-11-12,-1.6792246756462945,-2.790773938279703,-0.7429622756633831,0.8035959614652284,0.22633911151565225,2.311666744077236
2000-11-13,-1.7547805292296925,-2.9638667479070477,-0.7906362832113389,0.8591795617846154,0.23807504328290519,2.4018116733993398
2000-11-14,-1.8753559668425128,-2.874008918284823,-0.9927884569389703,0.5940273229105331,0.16272409578588612,2.2989759209012384
2000-11-15,-1.6433049076794541,-2.6481206287533796,-0.8088206710274184,0.6731525846779434,0.18457277718988163,2.1731938576244354
2000-11-16,-1.5388757690348804,-2.6511917967156924,-0.5908726183149667,0.8573581292389696,0.23519636783668563,2.2004155096293987
2000-11-17,-1.7335028618707158,-2.664201513923735,-0.9455887754002081,0.5134127960452097,0.1401275790453014,2.1455780685782875
2000-11-18,-1.5964805507982245,-2.519173809222913,-0.7983998637650572,0.5982958573313959,0.16225647257619785,2.0548815000373244
2000-11-19,-1.9522393650431078,-2.841081722520942,-1.1814915558453685,0.2603557754222086,0.06950528310866319,2.1645290837865696
2000-11-20,-1.8708662547778754,-2.646955735536592,-1.198339630444853,0.16979294839583167,0.045769896859972806,2.0014378545956983
2000-11-21,-1.6613783103090105,-2.6100002079329414,-0.8660211939584377,0.5462635193814551,0.1480960483963956,2.0464843776457715
2000-11-22,-1.9059079428875383,-2.8126075167391473,-1.157875459237733,0.2679484679222505,0.07264723679064929,2.102142639175163
2000-11-23,-1.6931970857551124,-2.7754746555866485,-0.7870747541572827,0.7206648773763651,0.19826708265023285,2.2286436645636583
2000-11-24,-2.238090614405017,-3.2582178473359793,-1.3925797400840443,0.09777099584541184,0.02645296135994167,2.3111537033267626
2000-11-25,-1.6901269996958739,-2.6431081610381524,-0.8936885677385402,0.5380658165145411,0.1441612491978902,2.094766223043085
2000-11-26,-1.8277545732440332,-2.7483597893008085,-1.11397010664836,0.32346746687562333,0.0866207330441871,2.0707743127601823
2000-11-27,-1.950954428953767,-2.95267010901081,-1.2011309644628265,0.3388318488903934,0.09008965740175459,2.2399242786766838
2000-11-28,-1.919993776920694,-2.897813941042166,-1.182450255287577,0.2714154827247698,0.07252544712428358,2.1457737530656154
2000-11-29,-2.2424904481557775,-3.8243632753987282,-1.099309237881024,0.7566914216484358,0.19942321279627392,2.8004383061362264
2000-11-30,-2.1551274357244323,-3.384516880936436,-1.1971431637566599,0.5375292990913549,0.14313645005503517,2.5128741953598417
2000-12-01,-1.9405460144668334,-3.070398020666192,-1.0853833884253201,0.5487986237577377,0.14698539958688056,2.3363626711156273
2000-12-02,-2.2161189046709255,-3.4445867404152803,-1.258305030856068,0.4830901364259434,0.1282018996889297,2.5359713023039188
2000-12-03,-2.27651778856102,-3.391737696815129,-1.377538624321005,0.16011720735083135,0.04266459899451494,2.3982175281895364
2000-12-04,-1.9235755345370098,-2.9809876814639855,-1.1673952276283202,0.32583378750727854,0.08720257161002187,2.1695068631080403
2000-12-05,-1.9390100363694156,-3.0312754961878485,-1.1481271593473108,0.4682878740421618,0.12641648877937067,2.269957680282239
2000-12-06,-2.0486281275956277,-3.0571920188622395,-1.2444239227288154,0.15491349674085797,0.04188740504920324,2.160003046616512
2000-12-07,-2.0763116691514867,-3.1552807370480664,-1.2359249219860284,0.23559458303158726,0.06371660588987474,2.2583424826018117
2000-12-08,-2.2804542925156115,-3.3589015549582957,-1.3780350146048557,0.03565548587468584,0.00972765191929557,2.30810836561945
2000-12-09,-2.2082700992806243,-3.4095191081765477,-1.3047387420661596,0.354359812629782,0.09698860155855579,2.4582517918104414
2000-12-10,-1.9473172516320902,-3.1072407216733677,-1.0920822228510372,0.5190624290483177,0.14134677136932244,2.340473100439037
2000-12-11,-2.4612671231969627,-3.703714477796813,-1.4504142990313618,0.13379884385434335,0.03669337204929186,2.5727297477562088
2000-12-12,-2.6632554234338826,-4.133664688986354,-1.5241218554152898,0.14284822706423111,0.038786251066177266,2.768047621428259
2000-12-13,-2.497101696822424,-3.839645793792309,-1.4543217033846791,0.21057169075555454,0.057734994362235934,2.6397179036492027
2000-12-14,-1.8723565129632243,-3.0362299758960365,-0.9877927708104632,0.5505828174988918,0.1522530735174416,2.3061031038044106
2000-12-15,-1.942063767469822,-3.0054030181253992,-1.1447680824303563,0.24577814531715486,0.06801877636083761,2.1614725534930503
2000-12-16,-1.963650691494792,-2.829113341664618,-1.2054079870225363,0.06988410307168376,0.0193015477672717,2.008913521074741
2000-12-17,-1.365981590958603,-2.3189444069876073,-0.6626534820206951,0.546216654864772,0.15243359448140648,1.7652114915237642
2000-12-18,-1.3376163956089304,-2.267614096998577,-0.6678117497386962,0.5138896368534456,0.14558462006316455,1.7214381878664105
2000-12-19,-1.360285766963103,-2.0543471960335515,-0.7884254630142851,0.24225625572074233,0.06876218628797867,1.54429708490153
2000-12-20,-1.1086277354435041,-1.8696619638065175,-0.46148670957000915,0.49005026226314485,0.13985561310219258,1.4588030349098315
2000-12-21,-0.9645187049877789,-1.7881717496680412,-0.18333105742647837,0.6800047902472772,0.19378260194041763,1.4528749102726484
2000-12-22,-1.0490493612272989,-1.6682751264010367,-0.5195400006437263,0.29333751967376487,0.0835834837399347,1.2429186865215587
2000-12-23,-1.433719966828343,-2.043480621769351,-0.8961292852383098,0.05947010639202123,0.01677057697113342,1.484501235652381
2000-12-24,-1.0905270416121753,-1.8367482687114198,-0.38808722156858405,0.5261919981481398,0.1502783061173338,1.4452679232752603
2000-12-25,-0.862535172489179,-1.537445142644908,-0.23030071274464792,0.49732132103227095,0.1416227388669199,1.1824686587393543
2000-12-26,-0.9974028934465078,-1.6120196385245982,-0.4739565994559984,0.2844575323145968,0.08113443052265401,1.1883825388348774
2000-12-27,-1.410505390731108,-1.9863623342639218,-0.8638773948234351,0.037858790022337066,0.010747290442984257,1.4305501307412078
2000-12-28,-1.5428358672935985,-2.146659697909476,-0.9479995061690432,0.027840751026651255,0.00790564652409741,1.5621054102564411
2000-12-29,-1.4518832969450548,-2.0753063380034016,-0.872623149911353,0.10707145722918715,0.030568081284798772,1.5416618032832239
2000-12-30,-1.337457276183307,-1.970113393062011,-0.7770380496681515,0.19549526108443044,0.05562031590994651,1.4926128896825066
2000-12-31,-0.7999274888385022,-1.6526142793215501,0.03293895238562057,0.8266485727290547,0.23026101848988423,1.378161788131358
